,"a, град","n, об/мин","Fx, Н","mx, Н*м","Wв, Вт","P, Н/Вт"
0,-0.0,0.0,0.0,0.0,0.0,
1,-0.0,1000.0,0.0018373346249999914,0.0051074065916666645,0.5348463675758691,0.0034352568071603505
2,-0.0,2000.0,0.082571805,0.016258499,3.4051720677864665,0.024248937603225388
3,-0.0,3000.0,0.24610159787500002,0.03317226240833334,10.421373588497287,0.023615082578618767
4,-0.0,4000.0,0.49632489999999996,0.055567682,23.2761362064285,0.021323337155198588
5,-0.0,5000.0,0.83715452575,0.0832085354,43.56788725476771,0.019214944274314995
6,-0.0,6000.0,1.2725618,0.11603777000000001,72.90868115418841,0.017454187620110237
7,-0.0,7000.0,1.8050197497500005,0.15402991911666666,112.90982787698834,0.015986382972051925
8,-0.0,8000.0,2.4309497000000007,0.19710668999999997,165.1277144739735,0.014721633541310555
9,-0.0,9000.0,3.14526005025,0.2451765833833333,231.07348595679758,0.013611514264505667
10,-0.0,10000.0,3.9428592,0.2981481,312.21996021391834,0.012628466153472505
11,1.0,0.0,0.0,0.0,0.0,
12,1.0,1000.0,0.021231280863825086,0.005252368171899746,0.5500267087596364,0.03860045435194171
13,1.0,2000.0,0.17578661777598753,0.017076086919657098,3.5764072812570333,0.049151733555973014
14,1.0,3000.0,0.4647380911581986,0.03512098036494318,11.03358139013769,0.04212033017435322
15,1.0,4000.0,0.8891577814321691,0.059036872629429055,24.72930737913742,0.035955628186428557
16,1.0,5000.0,1.451330176668517,0.08854812531626116,46.363689997119074,0.03130316367741004
17,1.0,6000.0,2.1583893955334803,0.12367724995448695,77.70870797464094,0.027775386462966775
18,1.0,7000.0,3.0165839363398366,0.1644749715960749,120.56645124197773,0.025020093942099458
19,1.0,8000.0,4.023770185390867,0.21080671945877702,176.60502431441557,0.02278400742567335
20,1.0,9000.0,5.175706500987479,0.26249159880179085,247.39250352742363,0.020921032073284905
21,1.0,10000.0,6.468151241430587,0.3193487148843137,334.42119220463377,0.019341331806127578
22,2.0,0.0,0.0,0.0,0.0,
23,2.0,1000.0,0.04134062889024588,0.0055897266146998715,0.5853548022772154,0.07062490771309599
24,2.0,2000.0,0.2709759468879938,0.01829648839982855,3.832007569559482,0.07071383392886788
25,2.0,3000.0,0.6896504166207661,0.03781353892872161,11.879473610470345,0.05805395417629626
26,2.0,4000.0,1.2981085007160849,0.06383413177471453,26.738778590896793,0.04854778599191608
27,2.0,5000.0,2.098701704209259,0.0961155632943806,50.32599125687848,0.04170214340134655
28,2.0,6000.0,3.100209701766741,0.13467130097724353,84.61647395989763,0.03663837024497176
29,2.0,7000.0,4.310722306128252,0.1795400563717875,131.60973516196447,0.03275382554963199
30,2.0,8000.0,5.729141712695434,0.23060534612938854,193.1914830076316,0.029655249928740992
31,2.0,9000.0,7.352073212535407,0.28771188817714555,271.1620662743305,0.027113206922893953
32,2.0,10000.0,9.176122096715295,0.35070440044215695,367.2567893368977,0.02498557511566576
33,3.0,0.0,0.0,0.0,0.0,
34,3.0,1000.0,0.06346309846808745,0.006102224716133456,0.6390234779586309,0.09931262411644276
35,3.0,2000.0,0.36959632011200627,0.019941296320171453,4.176495334833854,0.08849436919740011
36,3.0,3000.0,0.9212708065209012,0.041313444590445114,12.979001401983135,0.07098164011139832
37,3.0,4000.0,1.7213576992839157,0.07001489930528548,29.327772439908532,0.05869377576530611
38,3.0,5000.0,2.7739751524907432,0.10587644147311948,55.43677512003031,0.0500385375318929
39,3.0,6000.0,4.088229370233261,0.1488670570227566,93.53593054084499,0.043707582172906545
40,3.0,7000.0,5.672349576805083,0.1989770118840459,145.85776771257244,0.03888959543096138
41,3.0,8000.0,7.526069027304569,0.2561434870706116,214.58626593224147,0.03507246372272971
42,3.0,9000.0,9.64699698453126,0.3202903923670214,301.8665831026881,0.03195781687849023
43,3.0,10000.0,12.032742711284708,0.3913416375578432,409.8120045318399,0.029361616004954873
44,4.0,0.0,0.0,0.0,0.0,
45,4.0,1000.0,0.08889640936117492,0.006772605272266916,0.7092255656339082,0.1253429284965482
46,4.0,2000.0,0.4731042652240125,0.0220321035603429,4.614392979220185,0.10252795272412306
47,4.0,3000.0,1.160031493116802,0.0456842038408902,14.352115917163925,0.0808265136522136
48,4.0,4000.0,2.1570860185678313,0.07763461509057096,32.519511524374536,0.06633205474045999
49,4.0,5000.0,3.4718565656314846,0.11779635199123889,61.67802567255891,0.05629000811509671
50,4.0,6000.0,5.11265505246652,0.1661116520455131,104.37102914836957,0.0489853850650316
51,4.0,7000.0,7.086380466060166,0.22253767657309179,163.12863696942551,0.04344044428807638
52,4.0,8000.0,9.393556874609136,0.2870620593412231,240.48854846686496,0.03906030842006351
53,4.0,9000.0,12.03311461661252,0.35968005222904265,338.99046291766604,0.035496911957476285
54,4.0,10000.0,15.003984030569416,0.44038690711568623,461.17209071059017,0.032534458031601064
55,5.0,0.0,0.0,0.0,0.0,
56,5.0,1000.0,0.11893828133333331,0.007583611079166665,0.7941538951330719,0.14976729581286446
57,5.0,2000.0,0.58295631,0.024590503,5.150222904858518,0.11319050083250998
58,5.0,3000.0,1.4063647086666673,0.05098932317083335,16.018768308500587,0.08779480928757549
59,5.0,4000.0,2.6034741000000006,0.086748719,36.33721844249671,0.07164758920994387
60,5.0,5000.0,4.187051987750001,0.13184088698750002,69.0317270004487,0.06065402344233378
61,5.0,6000.0,6.1636934,0.18625222,117.02572121335798,0.052669561324578625
62,5.0,7000.0,8.537729691583337,0.24997388887916672,183.24043100814768,0.0465930452390374
63,5.0,8000.0,11.31061,0.32300198,270.59750599012193,0.04179864836009572
64,5.0,9000.0,14.483062908416667,0.40533380862083335,382.0181146244343,0.0379119794427945
65,5.0,10000.0,18.055817000000005,0.49696669,520.4223007942787,0.034694548970024656
66,6.0,0.0,0.0,0.0,0.0,
67,6.0,1000.0,0.15331688449922934,0.008500535270432704,0.8901739719057438,0.17223249537503138
68,6.0,2000.0,0.6994952201999689,0.027613346223142744,5.783325709043781,0.12095034161851209
69,6.0,3000.0,1.6611073036958304,0.057275787414674574,17.99371929705124,0.09231595070887029
70,6.0,4000.0,3.060725431580423,0.09742521340157263,40.809377959573126,0.07500054116513269
71,6.0,5000.0,4.917360719790291,0.1480393380627029,77.51321615001387,0.06343899742559464
72,6.0,6000.0,7.235779561633702,0.2092573125662173,131.48024717359425,0.055033206258581595
73,6.0,7000.0,10.01744393839326,0.28121058818067074,206.1381275193473,0.04859578409361976
74,6.0,8000.0,13.264842905877167,0.3638383792869426,304.80852785650023,0.04351860821991856
75,6.0,9000.0,16.980722288525037,0.4570318410439935,430.7423622841285,0.03942199276263458
76,6.0,10000.0,21.16782791077647,0.5606821286107844,587.1449520809092,0.03605213301375624
77,7.0,0.0,0.0,0.0,0.0,
78,7.0,1000.0,0.18548219037689606,0.00941887232979937,0.9863420038799294,0.18805058453079465
79,7.0,2000.0,0.8186087135199691,0.030998519631142748,6.492314769690469,0.126088882403186
80,7.0,3000.0,1.9267146017981638,0.06452449478130792,20.27096787815499,0.09504798258175368
81,7.0,4000.0,3.5371348875804234,0.10978235065757264,45.9855235092865,0.07691844340678475
82,7.0,5000.0,5.6729550899982915,0.1666757946658029,87.27124200888787,0.06500371668161371
83,7.0,6000.0,8.340262675233701,0.2355811523262173,148.02000349445245,0.05634551059543976
84,7.0,7000.0,11.541097760823929,0.3168651176086374,232.2742626535709,0.04968737228556864
85,7.0,8000.0,15.278309122677166,0.4103832401669426,343.80185932395796,0.04443928590938976
86,7.0,9000.0,19.55494770129437,0.5158632835760268,486.1896905817463,0.04022081932238435
87,7.0,10000.0,24.37406443717647,0.6330330114107845,662.9106193759814,0.03676825159343585
88,8.0,0.0,0.0,0.0,0.0,
89,8.0,1000.0,0.207661662771454,0.010221941430101118,1.070439203407694,0.1939966904335834
90,8.0,2000.0,0.9351622172480561,0.034621223513543076,7.251052096562476,0.1289691764442557
91,8.0,3000.0,2.2056764978894408,0.07269610669110582,22.838155472535785,0.09657857441866947
92,8.0,4000.0,4.042379339155239,0.12394485140356933,51.9178979492976,0.07786099782204162
93,8.0,5000.0,6.466617576242678,0.1880963657927749,98.48702682358667,0.0656595877122568
94,8.0,6000.0,9.492426047299336,0.2658021488048088,167.00841559871367,0.05683801030786169
95,8.0,7000.0,13.129892382070404,0.3577275669305127,262.2280024596049,0.05007051977255178
96,8.0,8000.0,17.380627373741103,0.46367086603550345,388.44399637886795,0.04474422963352727
97,8.0,9000.0,22.244122606356676,0.5832135118290916,549.6657852709735,0.04046845047011758
98,8.0,10000.0,27.719869663962367,0.7159369700205883,749.7274418166721,0.03697326270570285
99,9.0,0.0,0.0,0.0,0.0,
100,9.0,1000.0,0.2200647300216786,0.010914371830202878,1.1429503453437584,0.19254093663665767
101,9.0,2000.0,1.0461250056561435,0.0384039273879434,8.043299743397254,0.13006167108404826
102,9.0,3000.0,2.491971807145051,0.08166583652510376,25.656079207653097,0.09712987658697697
103,9.0,4000.0,4.571396114730057,0.13989726909356603,58.60003104554952,0.07801013127751985
104,9.0,5000.0,7.300019190729066,0.21260852239414693,111.32156200733884,0.06557596802538411
105,9.0,6000.0,10.700783425764973,0.30056240352340047,188.84892777088118,0.05666319397241999
106,9.0,7000.0,14.79340716056955,0.40457987697358816,296.57253950111357,0.04988124384494474
107,9.0,8000.0,19.577391408005038,0.5244620270240644,439.37228031616337,0.0445576388977419
108,9.0,9000.0,25.04718284896632,0.6597549679009567,621.8044080981045,0.04028144947633521
109,9.0,10000.0,31.197228164348267,0.8100048138303922,848.2350575006427,0.03677898937149816
110,10.0,0.0,0.0,0.0,0.0,
111,10.0,1000.0,0.23088278499999998,0.011622102875000019,1.2170637670454958,0.18970475602973827
112,10.0,2000.0,1.1505701999999998,0.04231637,8.862719807905835,0.12982134434326284
113,10.0,3000.0,2.771068265,0.09122344962499997,28.658691917701844,0.09669207069735
114,10.0,4000.0,5.1043829999999994,0.15748398999999993,65.96673947226778,0.07737813087072262
115,10.0,5000.0,8.163719480000001,0.24048109737499998,125.91560814008527,0.06483484931365771
116,10.0,6000.0,11.967078999999998,0.3405677100000001,213.98500315717988,0.055924849047527585
117,10.0,7000.0,16.52959959,0.458195839625,335.87509285663833,0.049213531880005566
118,10.0,8000.0,21.85017,0.5932439599999999,496.99489773933783,0.043964576094018375
119,10.0,9000.0,27.923616659999993,0.7454471603749999,702.5673968020417,0.03974510742613903
120,10.0,10000.0,34.744766,0.9145405299999999,957.7046034860384,0.0362792095532686
121,11.0,0.0,0.0,0.0,0.0,
122,11.0,1000.0,0.24647112904171864,0.012449725296224876,1.3037321843277028,0.18905042922509174
123,11.0,2000.0,1.2472300889835763,0.04633439154034128,9.704252271445947,0.12852407935163224
124,11.0,3000.0,3.028441756607083,0.10114046743043387,31.77421494600888,0.0953113007434817
125,11.0,4000.0,5.616271008693749,0.1763544216645873,73.87116740393921,0.07602791733320109
126,11.0,5000.0,9.029955579169554,0.2714208455727788,142.11562241376194,0.0635394999212636
127,11.0,6000.0,13.261024630538346,0.3856168210125556,242.290194398739,0.054731990551440006
128,11.0,7000.0,18.297431032241114,0.5183357538075817,379.9599524594595,0.04815620939470823
129,11.0,8000.0,24.14053105288946,0.6696038551184186,560.9660138814475,0.04303385669633675
130,11.0,9000.0,30.795031810887643,0.8396055374398517,791.3095765003044,0.03891654129485415
131,11.0,10000.0,38.26564042463993,1.028525213266667,1077.0690846768118,0.03552756361596064
132,12.0,0.0,0.0,0.0,0.0,
133,12.0,1000.0,0.26445252958863114,0.013395337966691408,1.4027565116170055,0.18852347317481893
134,12.0,2000.0,1.3331077446715698,0.05045001724416982,10.566226903184152,0.12616686702704022
135,12.0,3000.0,3.251080953771182,0.11113029630138878,34.91261224516999,0.09312052993745706
136,12.0,4000.0,6.063487465409831,0.1954024336073018,81.84997998856889,0.07408050027937274
137,12.0,5000.0,9.799607406448807,0.3028929292144593,158.59436687407307,0.06179038763860939
138,12.0,6000.0,14.425380177105083,0.43186924950979894,271.3514523142643,0.053161241828911986
139,12.0,7000.0,19.901899515846033,0.5807073637939356,425.6807305287888,0.04675311351567056
140,12.0,8000.0,26.234217240784886,0.749576286687807,627.9635614836083,0.04177665528682062
141,12.0,9000.0,33.43837468994638,0.9390932941424303,885.0745781739894,0.03778029051397408
142,12.0,10000.0,41.530413201355216,1.1498756621088233,1204.1469775409262,0.034489488389671016
143,13.0,0.0,0.0,0.0,0.0,
144,13.0,1000.0,0.2804646800096007,0.014432923601648905,1.5114122252254312,0.1855646496228179
145,13.0,2000.0,1.4051113222407785,0.054662425205431485,11.448471563519005,0.12273352948861922
146,13.0,3000.0,3.427400892973926,0.1209083400946696,37.984475299915026,0.09023162399670144
147,13.0,4000.0,6.400794358489434,0.2133905035526851,89.38480510759229,0.07160942344489997
148,13.0,5000.0,10.36201352668874,0.3319311655398288,173.79875185957061,0.05962075915862299
149,13.0,6000.0,15.280823571957454,0.4747622347245671,298.3019097625146,0.051226033330201905
150,13.0,7000.0,21.121140370619884,0.6401953305120989,469.2876876798365,0.045006806965345786
151,13.0,8000.0,27.89043924027085,0.8284512565464366,694.0417017129382,0.040185538090053534
152,13.0,9000.0,35.60708535882286,1.0402281125312955,980.3918989157684,0.03631923662180534
153,13.0,10000.0,44.28944390418839,1.2762239981703918,1336.4586456623656,0.033139404685610746
154,14.0,0.0,0.0,0.0,0.0,
155,14.0,1000.0,0.29470063988365774,0.01559412148113987,1.6330125828111934,0.18046440240915804
156,14.0,2000.0,1.4679088841219938,0.05904224526286461,12.365778931284149,0.11870735295197096
157,14.0,3000.0,3.5699244750125714,0.13057010680199554,41.019808830758386,0.08702928113930387
158,14.0,4000.0,6.651047154852953,0.2304034415553539,96.51116791361399,0.06891479295749718
159,14.0,5000.0,10.751365374649417,0.3585375945935178,187.72984553512518,0.057270410807629325
160,14.0,6000.0,15.87012242024309,0.514046349442092,322.9848470023856,0.04913581106833124
161,14.0,7000.0,22.00073602178882,0.6960555872039083,510.2353944916498,0.04311879626404254
162,14.0,8000.0,29.15416685186139,0.9048211408356779,758.0211863632269,0.03846088655085606
163,14.0,9000.0,37.34576131864061,1.1408813312575825,1075.2553226689695,0.0347319939100064
164,14.0,10000.0,46.590865830306264,1.4047744793898036,1471.0763948004778,0.03167127553333176
165,15.0,0.0,0.0,0.0,0.0,
166,15.0,1000.0,0.3119088350000003,0.016968227449999998,1.7769086233786886,0.175534538409141
167,15.0,2000.0,1.5339283999999997,0.063731559,13.347906503748296,0.11491902490995493
168,15.0,3000.0,3.7152824649999996,0.14059120854999999,44.168030793999044,0.08411700495157194
169,15.0,4000.0,6.9051948,0.24784839,103.81849083040773,0.06651218626631698
170,15.0,5000.0,11.146707255000003,0.38568247922500004,201.94287389192635,0.05519732902764066
171,15.0,6000.0,16.458134,0.5537855,347.95369169291007,0.04729978268063696
172,15.0,7000.0,22.853715990000005,0.7519153394249999,551.182731507113,0.0414630478852458
173,15.0,8000.0,30.356128999999996,0.9805806899999999,821.489357854936,0.03695255295730865
174,15.0,9000.0,38.990157509999996,1.240477945575,1169.1229202275738,0.03334992141152312
175,15.0,10000.0,48.780586,1.5323035,1604.6244728899758,0.03040000126144451
176,16.0,0.0,0.0,0.0,0.0,
177,16.0,1000.0,0.33463894384216497,0.018577262938348677,1.9454064256974049,0.17201492676379998
178,16.0,2000.0,1.6114318224501003,0.06881050617363507,14.411638712325804,0.11181461418900929
179,16.0,3000.0,3.8898370181659976,0.15134071080376643,47.54508652501701,0.08181364894812558
180,16.0,4000.0,7.229312913332046,0.26680885792664977,111.76063306333943,0.06468568327843036
181,16.0,5000.0,11.67788394050541,0.41559393195609967,217.60447391829652,0.053665642669139604
182,16.0,6000.0,17.23783873310312,0.5970269305695595,375.1230838145183,0.04595248726848937
183,16.0,7000.0,23.91103630544164,0.8105814904665053,594.1872663032688,0.04024158318673498
184,16.0,8000.0,31.743352994575222,1.0573497911709162,885.8032896579339,0.035835668443761806
185,16.0,9000.0,40.79166946824258,1.3388286479128966,1261.8162734096136,0.03232774083505634
186,16.0,10000.0,51.11286639418244,1.6565148759225508,1734.698321586831,0.02946498867159016
187,17.0,0.0,0.0,0.0,0.0,
188,17.0,1000.0,0.35585341806927334,0.020164124488780258,2.1115821786674034,0.16852454129625613
189,17.0,2000.0,1.6906674865220128,0.07409903284323476,15.519265147894341,0.10893991889502598
190,17.0,3000.0,4.0746831781530535,0.16269538731523514,51.112263356248874,0.07972026497345262
191,17.0,4000.0,7.578141465757227,0.286843850156653,120.15287098394033,0.06307083138088414
192,17.0,5000.0,12.25275027285102,0.4470152513363275,234.0566382734669,0.052349509773506886
193,17.0,6000.0,18.076085325837482,0.6420010916909678,403.3811826505943,0.04481142428871018
194,17.0,7000.0,25.028846498131827,0.8708195132895631,638.3440432957304,0.039209023348772014
195,17.0,8000.0,33.178362448311276,1.1350745522623549,950.9178332437701,0.03489088256461999
196,17.0,9000.0,42.6136190312436,1.437016718254898,1354.3563495465903,0.031464111380664135
197,17.0,10000.0,53.42360210179654,1.7788965209127465,1862.8560805319755,0.028678330365993904
198,18.0,0.0,0.0,0.0,0.0,
199,18.0,1000.0,0.3665892085002868,0.02141900536218357,2.242992996434543,0.16343751812110704
200,18.0,2000.0,1.757889674602846,0.0793632731464977,16.62180505879182,0.10575804904371924
201,18.0,3000.0,4.240454186128193,0.17441765212106852,54.79492145599291,0.0773877226840046
202,18.0,4000.0,7.88083553089684,0.30716699105402195,128.6658083360796,0.061250425678839406
203,18.0,5000.0,12.728619378211672,0.47792100036742785,250.23885062509936,0.0508658801237915
204,18.0,6000.0,18.765522923305042,0.6858888370991308,430.9566663619751,0.04354387433362788
205,18.0,7000.0,25.977427252937236,0.9305255167146733,682.1108297006883,0.03808388039277457
206,18.0,8000.0,34.43473749405084,1.2133700417746094,1016.5105091533476,0.033875436784939456
207,18.0,9000.0,44.22898978363403,1.5364824116132485,1448.1005570082332,0.030542761391523007
208,18.0,10000.0,55.45172025867495,1.9019226255648987,1991.6887160569654,0.02784155968330994
209,19.0,0.0,0.0,0.0,0.0,
210,19.0,1000.0,0.36872330087085853,0.02242489144348863,2.3483291405470834,0.15701517070343815
211,19.0,2000.0,1.8110677586117674,0.08462780078016102,17.72440514802763,0.10217932525725994
212,19.0,3000.0,4.377447717949611,0.18647032315709983,58.58137973428595,0.07472421676998536
213,19.0,4000.0,8.11827752361127,0.3278140537213877,137.31442972194685,0.059121809266879495
214,19.0,5000.0,13.076787029726715,0.5086425047933004,266.3245927270239,0.04910093692748118
215,19.0,6000.0,19.26746812803824,0.729426857385886,458.3124112989178,0.042040031325862835
216,19.0,7000.0,26.70721319221913,0.9908384587250588,726.3225253258049,0.036770459762677926
217,19.0,8000.0,35.451254486054346,1.2938616521954254,1083.9430030129868,0.03270582898502238
218,19.0,9000.0,45.56440924585676,1.6395590302212641,1545.2479813409786,0.029486794220766818
219,19.0,10000.0,57.11149470793928,2.0289931852268555,2124.7566949641478,0.02687907506930009
220,20.0,0.0,0.0,0.0,0.0,
221,20.0,1000.0,0.37497271583333375,0.023657561241666653,2.477414019955686,0.15135650029139697
222,20.0,2000.0,1.8598862000000003,0.09017562900000001,18.88633957328258,0.09847785447165604
223,20.0,3000.0,4.4956258841666665,0.19901662225833336,62.522915842903494,0.07190365042255033
224,20.0,4000.0,8.3230772,0.34964296000000006,146.458100602052,0.05682906691938477
225,20.0,5000.0,13.382531647499999,0.5418678531000001,283.72134441923885,0.04716787055585566
226,20.0,6000.0,19.711905,0.77690768,488.145492001098,0.040381208723639435
227,20.0,7000.0,27.348792875833333,1.0561401464666669,774.1911625702166,0.03532563299358624
228,20.0,8000.0,36.331886,1.3801851000000003,1156.2611655344253,0.03142186824479862
229,20.0,9000.0,46.70014887416666,1.7494729235333335,1648.8393852679735,0.02832304303949947
230,20.0,10000.0,58.492546000000004,2.164434,2266.5899845266567,0.025806408039968153
231,21.0,0.0,0.0,0.0,0.0,
232,21.0,1000.0,0.3941440329819241,0.025432140598656627,2.663247535660079,0.14799376614620108
233,21.0,2000.0,1.9126839149178274,0.09620571453054978,20.14927773350213,0.09492568121871757
234,21.0,3000.0,4.606589211483541,0.21220494250429536,66.66614884269387,0.06909937489194548
235,21.0,4000.0,8.526829488354897,0.37331404522850925,156.3734215962363,0.05452863665266327
236,21.0,5000.0,13.71912770760615,0.579540080371616,303.4464764927178,0.04521102985335005
237,21.0,6000.0,20.208220416905302,0.8313814534412756,522.3723732923831,0.038685469312892476
238,21.0,7000.0,28.016461237975093,1.1295182834204918,827.9801463008065,0.033837117185895264
239,21.0,8000.0,37.17765850316359,1.4748661953544067,1235.581014494222,0.030089211526434834
240,21.0,9000.0,47.728484222475146,1.8683996908036975,1760.925222779501,0.027104208404226827
241,21.0,10000.0,59.705610405914186,2.3110932713290424,2420.1712143227073,0.02466999444195232
242,22.0,0.0,0.0,0.0,0.0,
243,22.0,1000.0,0.4175168442145336,0.027352832927565678,2.864381966003644,0.14576158109145226
244,22.0,2000.0,1.9703802314366123,0.10253584196111665,21.47505652231254,0.09175203936666669
245,22.0,3000.0,4.725071989538229,0.2260895091005694,71.02811408440715,0.06652396801530068
246,22.0,4000.0,8.748073946391376,0.3985543163458403,166.94604163847924,0.052400607169442705
247,22.0,5000.0,14.092010840965472,0.620212136303127,324.7423151795225,0.04339443978274033
248,22.0,6000.0,20.754079056619666,0.8903104040037507,559.3985249265487,0.03710070393793899
249,22.0,7000.0,28.728007590632824,1.2083201846402825,885.7449568917071,0.03243372414046402
250,22.0,8000.0,38.04908425157306,1.5756415016251646,1320.006337652482,0.028824925431221865
251,22.0,9000.0,48.76298655083073,1.9941566179258103,1879.4483342949582,0.025945372193018172
252,22.0,10000.0,60.9153919997963,2.46574779650963,2582.1250543732913,0.023591185832237356
253,23.0,0.0,0.0,0.0,0.0,
254,23.0,1000.0,0.43247040932775194,0.02886745077285461,3.022992375862168,0.14306037050603207
255,23.0,2000.0,2.03183403099907,0.10889269403753653,22.80643250786172,0.08909039282222969
256,23.0,3000.0,4.865365390487438,0.24068229196435575,75.61257202843738,0.0643459845362436
257,23.0,4000.0,9.000339013266338,0.4248428067236223,177.95773873778668,0.05057571014952018
258,23.0,5000.0,14.488310339274683,0.6616222135609625,346.42458092915615,0.041822408503504965
259,23.0,6000.0,21.317958466313105,0.9498341400232686,596.7983912851759,0.03572053607652315
260,23.0,7000.0,29.47437069363473,1.288521224451059,944.5353896369935,0.031205152307699557
261,23.0,8000.0,38.99114346844095,1.6790764960580955,1406.659835955041,0.027718956972968674
262,23.0,9000.0,49.9140005249202,2.12348058177645,2001.3332987248425,0.024940373778182326
263,23.0,10000.0,62.288665597260966,2.623714108538194,2747.546989501161,0.02267064615647209
264,24.0,0.0,0.0,0.0,0.0,
265,24.0,1000.0,0.43745652904169396,0.029914620665901157,3.132651750630683,0.13964416215547187
266,24.0,2000.0,2.0911765540427427,0.11509935088338953,24.106351677880696,0.0867479485069301
267,24.0,3000.0,5.013549747548626,0.2555648546552014,80.28806699005239,0.06244451928541012
268,24.0,4000.0,9.25696578210482,0.45132179598407307,189.0492318224687,0.048965900008511004
269,24.0,5000.0,14.86418305172457,0.7022620841422872,367.7035674060111,0.0404243645406677
270,24.0,6000.0,21.83943483629218,1.0078026094803114,633.2210548423939,0.03448943251220212
271,24.0,7000.0,30.183833934812245,1.3675493738737123,1002.4660488226945,0.030109582234989826
272,24.0,8000.0,39.92453633689938,1.782339844220268,1493.169536214072,0.026738113367975585
273,24.0,9000.0,51.09520882982075,2.253319353673311,2123.703458307532,0.02405948374286712
274,24.0,10000.0,63.7295182008435,2.7816332353861704,2912.919512423467,0.02187822833038814
275,25.0,0.0,0.0,0.0,0.0,
276,25.0,1000.0,0.441999545,0.030923783124999986,3.238330996223466,0.1364899219738374
277,25.0,2000.0,2.1378114,0.12107529,25.357949439683583,0.0843053735510041
278,25.0,3000.0,5.127494555,0.26988835437500003,84.78792713939387,0.06047434732742371
279,25.0,4000.0,9.451108000000001,0.47679680999999996,199.72018074013977,0.04732174768205844
280,25.0,5000.0,15.144813385,0.7413770993750001,388.1841414893683,0.03901450823542927
281,25.0,6000.0,22.229183,1.0637761,668.3902361648801,0.033257791327933835
282,25.0,7000.0,30.72202533,1.444285200625,1058.716347726791,0.029018183572931882
283,25.0,8000.0,40.645683,1.8832034000000002,1577.6687911080855,0.02576312799561196
284,25.0,9000.0,52.02363217,2.380831599375,2243.8809186092813,0.023184667126740107
285,25.0,10000.0,64.879349,2.9374707000000004,3076.1121237517564,0.021091347255856985
286,26.0,0.0,0.0,0.0,0.0,
287,26.0,1000.0,0.4536245208780994,0.03225726348051063,3.3779727325094173,0.1342889824161228
288,26.0,2000.0,2.1652997975994785,0.1268200000140617,26.561118691495587,0.08152140814357982
289,26.0,3000.0,5.179020022830232,0.28310834075870145,88.94110834975324,0.05822976707760581
290,26.0,4000.0,9.538779389236458,0.5005424168724779,209.66671728755418,0.045494962255521895
291,26.0,5000.0,15.283749630900672,0.7787183766745225,407.73598856267483,0.03748442634357095
292,26.0,6000.0,22.433812647571038,1.117936437128297,702.4201796125211,0.03193788176750032
293,26.0,7000.0,31.00564573430294,1.518614846801041,1113.2028241465925,0.027852647389816496
294,26.0,8000.0,41.022397601714864,1.9809399120307711,1659.5483399569819,0.02471901336888941
295,26.0,9000.0,52.508834814316124,2.5050399535981986,2360.9445345519052,0.02224060499764431
296,26.0,10000.0,65.48972393661599,3.0910432922840365,3236.9329663225126,0.020232029707744927
297,27.0,0.0,0.0,0.0,0.0,
298,27.0,1000.0,0.4699337491875276,0.03392356735680559,3.5524676663899646,0.1322837512734005
299,27.0,2000.0,2.1846556911905575,0.1326362492923984,27.779271091780213,0.0786433770696377
300,27.0,3000.0,5.200655456728816,0.29597278645307007,92.98259315834656,0.05593149513341982
301,27.0,4000.0,9.57442267652203,0.5237679194851121,219.39539307205845,0.043640035200636126
302,27.0,5000.0,15.353382133425628,0.8159290405314501,427.21944659736204,0.035937928986401226
303,27.0,6000.0,22.548699218837843,1.172654147721542,736.8003311367193,0.030603541103259562
304,27.0,7000.0,31.166583946341046,1.594194126503055,1168.6053297841988,0.02666989714320098
305,27.0,8000.0,41.22968420971137,2.0807208056099555,1743.140585886846,0.023652529545535893
306,27.0,9000.0,52.76475737277338,2.632386249597783,2480.9655909441544,0.02126783118853868
307,27.0,10000.0,65.79856079935168,3.2493425230220794,3402.703533107696,0.019337141822419576
308,28.0,0.0,0.0,0.0,0.0,
309,28.0,1000.0,0.4861127310882389,0.03583653271304739,3.7527929300479994,0.12953358742391932
310,28.0,2000.0,2.210694963384134,0.1388889366510136,29.088830869848167,0.07599806858087291
311,28.0,3000.0,5.238584893695934,0.3095330011126457,97.24266023390891,0.05387126268548151
312,28.0,4000.0,9.63462071883189,0.5481445153966905,229.60623769010402,0.04196149379807176
313,28.0,5000.0,15.452593345133902,0.8551031038768483,447.73093820022274,0.034513123902605074
314,28.0,6000.0,22.70210451707844,1.2308037312266282,773.3367920064962,0.029356038341555764
315,28.0,7000.0,31.38434548044898,1.6755197243832225,1228.2201066489963,0.025552704527917386
316,28.0,8000.0,41.51105464812236,2.189022519038733,1833.871217161255,0.022635752314374338
317,28.0,9000.0,53.09660722474879,2.770958078073989,2611.566462444761,0.0203313252748098
318,28.0,10000.0,66.15537841497846,3.4209723643698227,3582.4338826793132,0.018466601361390833
319,29.0,0.0,0.0,0.0,0.0,
320,29.0,1000.0,0.4988167008461885,0.03776710451799423,3.9549619367029516,0.1261242734644436
321,29.0,2000.0,2.2453249619866305,0.1456281027312921,30.50027851312313,0.07361653963325453
322,29.0,3000.0,5.303973890597803,0.3243856132528526,101.90874595253815,0.05204630712527869
323,29.0,4000.0,9.73921259385618,0.5748422546956347,240.7893605766398,0.04044702212146258
324,29.0,5000.0,15.60624241531722,0.8978259730903188,470.1005802104421,0.033197666780864284
325,29.0,6000.0,22.923273644052244,1.2942660241384698,813.2113266448573,0.02818858136006167
326,29.0,7000.0,31.696289637185473,1.7647527337363755,1293.6313188653637,0.02450179519848522
327,29.0,8000.0,41.91935707853685,2.3084193988883257,1933.8969133204616,0.021676107340469437
328,29.0,9000.0,53.58356348360026,2.9240350593756106,2755.8381184120235,0.01944365422831016
329,29.0,10000.0,66.67999636786958,3.610368754979523,3780.7693191312655,0.017636621211047893
330,30.0,0.0,0.0,0.0,0.0,
331,30.0,1000.0,0.5061706258333332,0.039343334750000014,4.120024380610802,0.12285622100087969
332,30.0,2000.0,2.2775445,0.15258893,31.958150767141813,0.07126646709301111
333,30.0,3000.0,5.372969524166667,0.34067257025,107.02544439769527,0.05020273033580014
334,30.0,4000.0,9.851293599999998,0.6045300399999999,253.22495100511244,0.03890332907913607
335,30.0,5000.0,15.765165190000001,0.945174448,494.8921836995979,0.03185575709065863
336,30.0,6000.0,23.142435,1.3639281999999997,856.9813626287898,0.027004595443021764
337,30.0,7000.0,31.997629503333336,1.8617186565000001,1364.711052672674,0.023446450031066005
338,30.0,8000.0,42.316776,2.4375837000000002,2042.1053451813937,0.02072213174499141
339,30.0,9000.0,54.07877699666666,3.0900888434999993,2912.3401229038136,0.018568839735225093
340,30.0,10000.0,67.262535,3.8177996000000003,3997.990392079351,0.01682408620422342
341,31.0,0.0,0.0,0.0,0.0,
342,31.0,1000.0,0.5076244651648041,0.040363425795358926,4.226848065080545,0.1200952713106642
343,31.0,2000.0,2.298125316274863,0.15946215921031368,33.397676526712495,0.06881093403119679
344,31.0,3000.0,5.4233176578863675,0.3580145495266569,112.47358786712044,0.04821858856582074
345,31.0,4000.0,9.935016594555508,0.6367389460261813,266.71658601204786,0.03724933924471699
346,31.0,5000.0,15.880987540063195,0.9964690700672963,521.7499850088118,0.030437926202901533
347,31.0,6000.0,23.292797145089175,1.4385001313148786,903.8362889453551,0.025771035562500443
348,31.0,7000.0,32.192008461979235,1.963934775895543,1439.639381619356,0.022361161324837165
349,31.0,8000.0,42.57636891284441,2.5726439074763827,2155.253120008091,0.019754695407973505
350,31.0,9000.0,54.43767201223707,3.2641904941096147,3076.427062863721,0.017695095934295694
351,31.0,10000.0,67.76771127470958,4.038137503847453,4228.727705424195,0.016025555674295096
352,32.0,0.0,0.0,0.0,0.0,
353,32.0,1000.0,0.5076725391708622,0.04133103262697901,4.32817561553991,0.11729481062369823
354,32.0,2000.0,2.3071758156311897,0.16581552220446066,34.728321760579256,0.06643499307386937
355,32.0,3000.0,5.445249472705179,0.37402622367114463,117.50380365352007,0.04634104857372466
356,32.0,4000.0,9.968633153717027,0.6665358919657305,279.1979015404612,0.03570454182755517
357,32.0,5000.0,15.92136905377331,1.0440938005999718,546.6862356039196,0.02912341306011685
358,32.0,6000.0,23.3367095751101,1.508155297377836,947.6019205429479,0.024627123551774623
359,32.0,7000.0,32.24151216208172,2.0600916900815562,1510.1260811657062,0.02135021212082745
360,32.0,8000.0,42.64784422038597,2.70023205211421,2262.1411141092517,0.018852866408017668
361,32.0,9000.0,54.564075646056516,3.4286448982840874,3231.4216872652237,0.01688547052249145
362,32.0,10000.0,67.99857633512703,4.245398743399477,4445.771167941045,0.015295113888333343
363,33.0,0.0,0.0,0.0,0.0,
364,33.0,1000.0,0.5118805728942692,0.04290198183714165,4.492685032133565,0.11393644763278196
365,33.0,2000.0,2.3072586915787965,0.1712229519566532,35.86085119953199,0.06433920596979326
366,33.0,3000.0,5.432942437868958,0.3859854898253496,121.26091792275763,0.044803738343212156
367,33.0,4000.0,9.935739893580134,0.6882121749100455,288.2776417077937,0.03446587059169604
368,33.0,5000.0,15.860947759559954,1.0792382536869103,565.0878282093125,0.028068110774605016
369,33.0,6000.0,23.24781721278508,1.561649640669529,981.2134077217065,0.02369292656402293
370,33.0,7000.0,32.12772541879757,2.1375188014233877,1566.8831181410808,0.020504225903533423
371,33.0,8000.0,42.506599021271974,2.8056137376841592,2350.4254685651085,0.018084640244824046
372,33.0,9000.0,54.384002033415996,3.5638763352300638,3358.874313918385,0.016191139337384995
373,33.0,10000.0,67.75949846843736,4.4102484798393204,4618.4014082562535,0.014671634723500781
374,34.0,0.0,0.0,0.0,0.0,
375,34.0,1000.0,0.5214515227782849,0.045175694890684216,4.730787706312916,0.11022509466709807
376,34.0,2000.0,2.3036994481700765,0.1761083087146988,36.8840379262814,0.062457897174229816
377,34.0,3000.0,5.3995480780472604,0.3949589376600669,124.08000970224951,0.04351666389295398
378,34.0,4000.0,9.86180171428172,0.7038886779148115,294.84419993096054,0.03344750114328488
379,34.0,5000.0,15.742671934636483,1.1055073932661736,578.8423175290355,0.02719682279249877
380,34.0,6000.0,23.091999420439137,1.6042200178982646,1007.9611645941749,0.02290961222671355
381,34.0,7000.0,31.944670841077585,2.2029914481542057,1614.8770748698917,0.01978148760558219
382,34.0,8000.0,42.27812771461642,2.8972313586162812,2427.1788671943696,0.01741862879825031
383,34.0,9000.0,54.055450271289374,3.680460618426568,3468.752412202636,0.015583542394415086
384,34.0,10000.0,67.23971874133022,4.546200096727141,4760.769608542398,0.014123707776297323
385,35.0,0.0,0.0,0.0,0.0,
386,35.0,1000.0,0.5332255766666671,0.047695188124999996,4.994628420836104,0.10675980908653958
387,35.0,2000.0,2.3045864,0.18174538,38.06466337545903,0.060543984778433854
388,35.0,3000.0,5.377191973333333,0.4058018493750001,127.4864108809652,0.04217855013860299
389,35.0,4000.0,9.814151799999998,0.72351587,303.06561892635034,0.03238292695412933
390,35.0,5000.0,15.677800105,1.1389215331250002,596.3379202467875,0.02629012774923306
391,35.0,6000.0,23.027369999999998,1.6575841999999996,1041.4908690853026,0.022110006610258585
392,35.0,7000.0,31.898808831666667,2.282730904375,1673.3291491716068,0.019063080833474032
393,35.0,8000.0,42.238022,3.0067041000000003,2518.8905365542164,0.016768502397003972
394,35.0,9000.0,53.96840441833332,3.819125095625,3599.4406030667747,0.014993553268347162
395,35.0,10000.0,67.013351,4.709615199999999,4931.897504518274,0.013587742028013935
396,36.0,0.0,0.0,0.0,0.0,
397,36.0,1000.0,0.5441974829758215,0.05003295891651433,5.239439205649378,0.10386559736947523
398,36.0,2000.0,2.3159454526485943,0.18905374213032927,39.595323160686775,0.058490378857370705
399,36.0,3000.0,5.390018792432233,0.42209381011249447,132.6046812975138,0.040647273834466736
400,36.0,4000.0,9.84119238574065,0.7541846233340594,315.9121162822222,0.031151677566393036
401,36.0,5000.0,15.741926432623996,1.1903893386036262,623.2864001781275,0.025256329077812625
402,36.0,6000.0,23.15542239967733,1.7358978980800053,1090.6968167980217,0.02122993488479697
403,36.0,7000.0,32.11593240299292,2.393145101684551,1754.2669830995362,0.01830732306564233
404,36.0,8000.0,42.55116989010685,3.1534183950385786,2641.801616946164,0.01610687555687645
405,36.0,9000.0,54.362213641416155,4.005218385188393,3774.829396479189,0.014401237229984536
406,36.0,10000.0,67.45014243731792,4.9370456791803035,5170.062145383357,0.01304629239274193
407,37.0,0.0,0.0,0.0,0.0,
408,37.0,1000.0,0.5527389747778719,0.051976194906900794,5.442934402702359,0.10155165098139764
409,37.0,2000.0,2.335072386846097,0.19738831317005082,41.34091163730087,0.0564833307821693
410,37.0,3000.0,5.426949722770365,0.44165271373695425,138.74929209140114,0.039113350713136326
411,37.0,4000.0,9.908320469116358,0.7901857555551154,330.99223528310006,0.029935205158639747
412,37.0,5000.0,15.85610758012068,1.2482136899761553,653.5631597565496,0.024261017995608924
413,37.0,6000.0,23.33512788070353,1.8202023379681633,1143.6668586015496,0.020403780790882762
414,37.0,7000.0,32.37961060729642,2.5080066997827313,1838.4649320779959,0.017612307987130392
415,37.0,8000.0,42.91354077169235,3.3037989231889857,2767.78411360757,0.015504656075129434
416,37.0,9000.0,54.83334232952468,4.197330442835438,3955.890745170181,0.013861187242461563
417,37.0,10000.0,68.03543923642681,5.178352693370603,5422.7582597300025,0.012546279213968552
418,38.0,0.0,0.0,0.0,0.0,
419,38.0,1000.0,0.5577764499281908,0.05339627393893594,5.591644731187642,0.09975176835129893
420,38.0,2000.0,2.357150142719022,0.20574078266213142,43.09024875701109,0.054702634835346514
421,38.0,3000.0,5.468362125372838,0.46093449867024816,144.8068434808546,0.03776314705800371
422,38.0,4000.0,9.961653444889983,0.8228783944639482,344.6864958460938,0.02890062002701135
423,38.0,5000.0,15.906927284695435,1.295692509785897,678.4230116757825,0.023446915878344844
424,38.0,6000.0,23.372735373912676,1.8843731533467778,1183.986571035214,0.01974070985744105
425,38.0,7000.0,32.40006962495362,2.591988704042206,1900.0269565215688,0.017052426289924493
426,38.0,8000.0,42.92103413768535,3.4130195525394997,2859.2845740843773,0.015011109606475552
427,38.0,9000.0,54.84051105883873,4.3397990924489065,4090.164284067941,0.013407899353200596
428,38.0,10000.0,68.06338253514461,5.364660717380674,5617.859566241625,0.012115536483707326
429,39.0,0.0,0.0,0.0,0.0,
430,39.0,1000.0,0.5630759345264588,0.054866479455584635,5.745604292866667,0.0980011685151262
431,39.0,2000.0,2.3789645443944436,0.21374536911449052,44.76672542326148,0.05314135715538169
432,39.0,3000.0,5.500660371387181,0.47819985300408235,150.23091451453442,0.03661470336623031
433,39.0,4000.0,9.981157957287898,0.8497931151517247,355.9605076842458,0.028040071136603922
434,39.0,5000.0,15.876682620523507,1.3309929568981091,696.9062825618093,0.022781660917392272
435,39.0,6000.0,23.256382786095614,1.9278856488372342,1211.3262782696495,0.019199106965067082
436,39.0,7000.0,32.168437354557334,2.645624883728501,1939.3443297376887,0.01658727481308508
437,39.0,8000.0,42.56422402209287,3.482015573739607,2917.0865456388265,0.014591347687550878
438,39.0,9000.0,54.37092018379426,4.433025435890331,4178.028042770926,0.013013536440443497
439,39.0,10000.0,67.51570323475352,5.494622187200446,5753.954899186801,0.011733790830424378
440,40.0,0.0,0.0,0.0,0.0,
441,40.0,1000.0,0.5772430829166664,0.05766200050000002,6.038350572069701,0.09559615262927851
442,40.0,2000.0,2.3989042999999994,0.22167882,46.428303491230274,0.05166900617967061
443,40.0,3000.0,5.516275842083334,0.49351421449999994,155.0420630715337,0.035579221101684
444,40.0,4000.0,9.9806499,0.8746319400000002,366.3649703065319,0.0272423695192511
445,40.0,5000.0,15.84338399875,1.3671514265,715.8388129728677,0.022132613811414705
446,40.0,6000.0,23.156096999999995,1.9758148,1241.4410521067973,0.018652594870052636
447,40.0,7000.0,31.956743412916666,2.7053097720000006,1983.0956379266386,0.01611457501178713
448,40.0,8000.0,42.228359,3.5574836999999997,2980.3105752494494,0.014169113565107395
449,40.0,9000.0,53.94024983708333,4.533473853,4272.698445547864,0.012624398965784461
450,40.0,10000.0,67.06172199999999,5.6344175,5900.348208419256,0.011365722772820266
451,41.0,0.0,0.0,0.0,0.0,
452,41.0,1000.0,0.6050359077333559,0.062440462931841856,6.5387499877806725,0.09253082146649134
453,41.0,2000.0,2.4151827232054535,0.22975224477429568,48.119197621912754,0.05019166658143975
454,41.0,3000.0,5.510699111528224,0.5074174628322637,159.40989735370115,0.034569366162384506
455,41.0,4000.0,9.9718437378136,0.9009182344106483,377.3757475612773,0.026424177500156916
456,41.0,5000.0,15.864068025882705,1.4144285544214663,740.5930592663516,0.02142076249215462
457,41.0,6000.0,23.193594434393408,2.0468899282051933,1286.098872231275,0.01803406793612566
458,41.0,7000.0,31.95904216901821,2.7977147632821673,2050.8320343389582,0.015583451805851824
459,41.0,8000.0,42.187846388651344,3.6734315654637095,3077.4468318735044,0.013708716573656613
460,41.0,9000.0,53.91464624049246,4.682347865133892,4413.008896396946,0.01221720769348816
461,41.0,10000.0,67.17408087174124,5.832771192676784,6108.063709661187,0.010997606453497089
462,42.0,0.0,0.0,0.0,0.0,
463,42.0,1000.0,0.634980180296007,0.0672671693376326,7.044201500629573,0.0901422510754776
464,42.0,2000.0,2.4250327874141724,0.23780245665625008,49.80523005579203,0.04869032398199226
465,42.0,3000.0,5.490609349303256,0.5220333758182131,164.0016218399178,0.0334789942178904
466,42.0,4000.0,9.952161393912014,0.9303874406858824,389.7197798201304,0.02553671101452765
467,42.0,5000.0,15.895230292146172,1.469395984920203,769.3739385732747,0.02065995414612334
468,42.0,6000.0,23.26571678673935,2.1300056213764567,1338.3220024442478,0.017384244407734423
469,42.0,7000.0,32.00863452782486,2.9043820424786824,2129.0232338361343,0.015034422367552465
470,42.0,8000.0,42.2050894233069,3.805151979731588,3187.7966680846434,0.013239580129389313
471,42.0,9000.0,53.97021044553243,4.850057424410055,4571.07143220458,0.011806905940103229
472,42.0,10000.0,67.41912656684836,6.056840367788963,6342.708401137303,0.010629390837951738
473,43.0,0.0,0.0,0.0,0.0,
474,43.0,1000.0,0.651902149240399,0.06966243212496188,7.295032833165928,0.08936246952537483
475,43.0,2000.0,2.4255817752875126,0.24558569715318615,51.43534813354516,0.047157876116436626
476,43.0,3000.0,5.4655580234107815,0.5397777674011234,169.5761868638469,0.03223069302648661
477,43.0,4000.0,9.916350038879642,0.9642466151852243,403.90267766862996,0.0245513352278769
478,43.0,5000.0,15.8714156035961,1.5254037686166448,798.699545540706,0.019871572097679636
479,43.0,6000.0,23.219967045992398,2.2072749789853643,1386.8717716865972,0.016742692093122798
480,43.0,7000.0,31.86038682841326,2.9968072803504944,2196.7744717738215,0.014503257952868996
481,43.0,8000.0,41.9319834023231,3.9150186146688406,3279.838324936245,0.012784771457641344
482,43.0,9000.0,53.63429671646632,4.991444650871637,4704.3257537935215,0.011401059264064813
483,43.0,10000.0,67.16686671958722,6.255621057890119,6550.871053036402,0.010253119955468307
484,44.0,0.0,0.0,0.0,0.0,
485,44.0,1000.0,0.6488744290388064,0.0695176484065004,7.279871117623328,0.08913268086133998
486,44.0,2000.0,2.4171630389521326,0.2531572617681678,53.02113291825228,0.04558867202401923
487,44.0,3000.0,5.446825041326609,0.5606758680980843,176.14151882620217,0.030923004852143693
488,44.0,4000.0,9.879819647748862,1.0018304954093318,419.6457766026906,0.023543236221111336
489,44.0,5000.0,15.80041157403256,1.5804170040143506,827.5044082366458,0.019094051242218923
490,44.0,6000.0,23.062087552899502,2.2763865834230086,1430.2958734424185,0.016123997825284887
491,44.0,7000.0,31.539502812611676,3.074909277125791,2254.0262256104807,0.01399251812346128
492,44.0,8000.0,41.42276454668374,4.0058752153382144,3355.954172721057,0.012343066208528571
493,44.0,9000.0,52.980842939943564,5.110354549957058,4816.39569341528,0.01100010180068389
494,44.0,10000.0,66.48270817721895,6.429417432879095,6732.870191331704,0.009874348723195753
495,45.0,0.0,0.0,0.0,0.0,
496,45.0,1000.0,0.627215999999999,0.06909530000000005,7.235642895919432,0.08668421162046565
497,45.0,2000.0,2.403316,0.2608715,54.63679919539664,0.04398713020147945
498,45.0,3000.0,5.4474187500000015,0.582362325,182.95452019474715,0.02977471529099943
499,45.0,4000.0,9.878643,1.0406014999999995,435.8861370286023,0.022663356690675793
500,45.0,5000.0,15.763248625,1.6370158375,857.1394881500237,0.01839052901298719
501,45.0,6000.0,22.95606,2.3506044999999998,1476.9283657390217,0.01554310996560304
502,45.0,7000.0,31.341523625000008,3.1670299625,2321.5542149073767,0.01350023334529383
503,45.0,8000.0,41.13401,4.121035599999999,3452.430710971201,0.011914507036820045
504,45.0,9000.0,52.630370625000005,5.2596350124999995,4957.089214750097,0.010617192538797846
505,45.0,10000.0,66.12745699999999,6.6298417999999995,6942.754097780842,0.009524672207695898
506,46.0,0.0,0.0,0.0,0.0,
507,46.0,1000.0,0.5931428036311637,0.07023886692693833,7.355396944471352,0.0806404886247501
508,46.0,2000.0,2.387720491427744,0.2689592050298102,56.330684175800165,0.04238756419105444
509,46.0,3000.0,5.471616319822889,0.6028093559215307,189.3781444078276,0.028892543735351595
510,46.0,4000.0,9.932713545249744,1.0784376612150146,451.7349111770198,0.021987925439212835
511,46.0,5000.0,15.820084244753863,1.6972727250398985,888.6899206872789,0.017801579467132036
512,46.0,6000.0,23.0275557778304,2.439864201592696,1533.0118902960678,0.01502112013846359
513,46.0,7000.0,31.479561712322035,3.2930064060014392,2413.8997711075913,0.013040956417953503
514,46.0,8000.0,41.37820516701188,4.289351247053341,3593.4384977090654,0.011514933452566904
515,46.0,9000.0,52.995006648418205,5.473015031950415,5158.195145208579,0.010273943725771019
516,46.0,10000.0,66.60148666305923,6.888114067894669,7213.2161842621335,0.009233258086506685
517,47.0,0.0,0.0,0.0,0.0,
518,47.0,1000.0,0.5710244756528958,0.07270345946628964,7.613488471661962,0.07500168651706723
519,47.0,2000.0,2.3740604145523223,0.27710493537745107,58.03672195035164,0.04090617689578069
520,47.0,3000.0,5.488469616788546,0.6217552152116964,195.33016164402062,0.02809842356446213
521,47.0,4000.0,9.993613882451827,1.1152050864472383,467.13601424381517,0.021393370619538228
522,47.0,5000.0,15.934846308785788,1.7604267438956862,921.7572876342814,0.017287464414502286
523,47.0,6000.0,23.221485181647452,2.5380780117022392,1594.7214471603086,0.014561467912153266
524,47.0,7000.0,31.789999529498324,3.4337130835391445,2517.0431528157374,0.012629898495755167
525,47.0,8000.0,41.82149616260436,4.474786001853233,3748.787954615616,0.011156004732439596
526,47.0,9000.0,53.55824133668267,5.69922577128499,5371.393744265563,0.009971013834884255
527,47.0,10000.0,67.24250130745031,7.144961396474897,7482.186077782734,0.008987012700354667
528,48.0,0.0,0.0,0.0,0.0,
529,48.0,1000.0,0.5881720154307355,0.07573459025053093,7.930907745123371,0.07416200444298397
530,48.0,2000.0,2.365826420906156,0.28488275700247523,59.66570510222549,0.039651361143772226
531,48.0,3000.0,5.460259163184759,0.63941868730548,200.8793050606925,0.027181790386695274
532,48.0,4000.0,9.998766189025035,1.1513165682091921,482.26235635229466,0.020733043036269858
533,48.0,5000.0,16.04886096513003,1.8251007438671352,955.6205148323766,0.016794177935731243
534,48.0,6000.0,23.43892703798092,2.6354961868483326,1655.931091833327,0.014154530435219402
535,48.0,7000.0,32.021413561405296,3.5612458329447083,2610.5295408281504,0.012266252137965462
536,48.0,8000.0,41.98416203883813,4.626963842424262,3876.2761642095097,0.0108310554409118
537,48.0,9000.0,53.59886206111626,5.868732181674018,5531.149772349928,0.009690365343035107
538,48.0,10000.0,67.13720321907651,7.322632817081001,7668.243154359068,0.008755226179925173
539,49.0,0.0,0.0,0.0,0.0,
540,49.0,1000.0,0.6351640444368434,0.07886515206208755,8.258739411416538,0.07690811064444278
541,49.0,2000.0,2.362041024135411,0.2924662562798586,61.2539894767809,0.03856142341603354
542,49.0,3000.0,5.396070076365314,0.6569160385424312,206.3762600710211,0.0261467577448508
543,49.0,4000.0,9.952690338396161,1.1883272247389234,497.7653439067399,0.019994743427258113
544,49.0,5000.0,16.136934903692346,1.8920362706827962,990.6678747170838,0.01628894538273057
545,49.0,6000.0,23.612212690497337,2.7302745518848814,1715.4820948969416,0.013764184867179188
546,49.0,7000.0,32.06904043488598,3.6698267295792326,2690.123495171834,0.011921029087490848
547,49.0,8000.0,41.74799031947941,4.738795688195398,3969.964192239373,0.010515961428843581
548,49.0,9000.0,53.02714838853539,5.980613867961803,5636.595777463811,0.00940765498930189
549,49.0,10000.0,66.28460068631163,7.438713709106877,7789.802780229282,0.00850915004607609
550,50.0,0.0,0.0,0.0,0.0,
551,50.0,1000.0,0.6658468062499997,0.08191541783333332,8.578162496031275,0.07762114631869665
552,50.0,2000.0,2.3572586,0.30062854,62.963494181561686,0.03743849719017505
553,50.0,3000.0,5.351792068750001,0.6762610171666668,212.4536643439961,0.025190396622600034
554,50.0,4000.0,9.927003899999999,1.2289345,514.7748795924061,0.019284165357602738
555,50.0,5000.0,16.20735535625,1.964093566,1028.3969863180964,0.015759823853895325
556,50.0,6000.0,23.704926,2.8284744999999996,1777.1829420132124,0.013338483866577518
557,50.0,7000.0,31.97477691875,3.7758040863333333,2767.808955104462,0.011552378591658693
558,50.0,8000.0,41.35627699999999,4.8464794,4060.177087683805,0.01018583084108589
559,50.0,9000.0,52.384872081249995,6.102565088666665,5751.5320951826225,0.009107985700910301
560,50.0,10000.0,65.596008,7.606125799999999,7965.116311853261,0.008235411189461668
561,51.0,0.0,0.0,0.0,0.0,
562,51.0,1000.0,0.6471340105629427,0.08471998973329385,8.871856578610622,0.0729423435589721
563,51.0,2000.0,2.347665147982966,0.3098810797230468,64.90134156962645,0.03617282926986001
564,51.0,3000.0,5.3648243273322125,0.6984199018211668,219.4150832682282,0.024450572164056196
565,51.0,4000.0,9.96184246368282,1.2732730878795615,533.3473838528029,0.018677962553636827
566,51.0,5000.0,16.24097257555137,2.0393458239011064,1067.7989764161232,0.015209766008637037
567,51.0,6000.0,23.660556095232167,2.9294175124925426,1840.6073073087714,0.01285475505898499
568,51.0,7000.0,31.75220212253013,3.8875168691699744,2849.698701941183,0.011142301500471219
569,51.0,8000.0,40.98450201351487,4.974795644483077,4167.675053284943,0.009833900553549891
570,51.0,9000.0,52.06029268832222,6.28168634773992,5920.349904664509,0.00879344861818135
571,51.0,10000.0,65.68241106708795,7.898621488248574,8271.417080322733,0.007940889744677845
572,52.0,0.0,0.0,0.0,0.0,
573,52.0,1000.0,0.6045974711578685,0.08712080772108864,9.123269650379367,0.06626982368461816
574,52.0,2000.0,2.3367502299183456,0.31958454166806505,66.93362988701695,0.03491145234260786
575,52.0,3000.0,5.390464007823051,0.7200130089348726,226.1987579358878,0.023830652550934372
576,52.0,4000.0,9.9597445364136,1.3110280166154538,549.1621314199342,0.018136255154122354
577,52.0,5000.0,16.10306619529491,2.0963495793114006,1097.6460729534583,0.014670545080133223
578,52.0,6000.0,23.336777956325065,3.004090541654899,1887.5257552763223,0.012363687166169927
579,52.0,7000.0,31.276118407005043,3.97741861503201,2915.6001236216985,0.010727163218855435
580,52.0,8000.0,40.47401000515424,5.095328147813702,4268.652127146884,0.009481683866379289
581,52.0,9000.0,51.717796176171646,6.470770147617166,6098.557187646669,0.008480333066472182
582,52.0,10000.0,65.79482034545623,8.216695622059598,8604.503534348616,0.007646556257755907
583,53.0,0.0,0.0,0.0,0.0,
584,53.0,1000.0,0.5771181114932306,0.08895811586780425,9.315672109582781,0.0619513122300177
585,53.0,2000.0,2.3294988637986727,0.328838773761468,68.87183172430026,0.033823680966172824
586,53.0,3000.0,5.365810115072502,0.7367763965502654,231.4651314740674,0.02318193708443585
587,53.0,4000.0,9.794719723470891,1.3299054071034695,557.0694742567471,0.01758258202271664
588,53.0,5000.0,15.639389479334332,2.1101013933292427,1104.846505935456,0.01415525993458495
589,53.0,6000.0,22.58095690174056,3.018204603291295,1896.3938817461656,0.011907313727962684
590,53.0,7000.0,30.397145902724304,4.010742303046751,2940.0276627618123,0.010339067991683364
591,53.0,8000.0,39.594050237410855,5.1680251704708375,4329.554642431552,0.009145063062461815
592,53.0,9000.0,50.85985612169816,6.601309736393302,6221.587851577192,0.008174738882583651
593,53.0,10000.0,64.88274977148417,8.4218525316439,8819.343347676358,0.007356868557405569
594,54.0,0.0,0.0,0.0,0.0,
595,54.0,1000.0,0.5724022790670001,0.08999096052672508,9.423831349341619,0.06073986872727621
596,54.0,2000.0,2.32329607574362,0.3373619339098526,70.65691821146922,0.032881367239796996
597,54.0,3000.0,5.281490863997782,0.7490974625519523,235.3359085175969,0.022442350159252753
598,54.0,4000.0,9.475796117797403,1.3321820888555933,558.0231284790183,0.016981009628803754
599,54.0,5000.0,14.911120244630212,2.0859392191867903,1092.195221138675,0.01365243132000205
600,54.0,6000.0,21.49676738606317,2.9790477157653354,1871.7908837083664,0.011484598826271697
601,54.0,7000.0,29.207679750301978,3.992989299449456,2927.0140314363816,0.009978660654376437
602,54.0,8000.0,38.376956078028094,5.191101669797348,4348.887165299482,0.008824546284908107
603,54.0,9000.0,49.42723424304191,6.657186521042194,6274.250480424945,0.00787779104408568
604,54.0,10000.0,62.78115211914383,8.47504554741718,8875.046943534899,0.007073895216394014
605,55.0,0.0,0.0,0.0,0.0,
606,55.0,1000.0,0.5669817454166668,0.08989719033333342,9.414011757652121,0.06022743119646087
607,55.0,2000.0,2.3079269,0.34549049,72.35935901794252,0.03189534748957239
608,55.0,3000.0,5.181663679583334,0.7620149446666666,239.39405520904327,0.0216449137596947
609,55.0,4000.0,9.1470203,1.3347055999999997,559.0801743553542,0.01636083824747845
610,55.0,5000.0,14.194860861249998,2.05954240225,1078.373880110879,0.013163209090144573
611,55.0,6000.0,20.444193,2.9354849000000005,1844.4195593127542,0.011084350573476716
612,55.0,7000.0,28.041890100416662,3.969929357583333,2910.110211179324,0.00963602340306303
613,55.0,8000.0,37.118145,5.201039300000001,4357.212494909813,0.008518782373676334
614,55.0,9000.0,47.79898039958333,6.674670067416665,6290.728334679565,0.007598322142775873
615,55.0,10000.0,60.210418999999995,8.436676999999998,8834.867494636655,0.006815090213469718
616,56.0,0.0,0.0,0.0,0.0,
617,56.0,1000.0,0.5449920601200343,0.08878733121117645,9.297787582162524,0.05861524102417464
618,56.0,2000.0,2.277174030733776,0.3536090257328441,74.0597011656898,0.03074781554463981
619,56.0,3000.0,5.101649175558056,0.7793889130628006,244.8522483567428,0.020835623155581965
620,56.0,4000.0,8.923520758309703,1.3510508226988436,565.926845228951,0.01576797572608454
621,56.0,5000.0,13.714955721575222,2.0605762984415863,1078.9152268908895,0.012711801056972397
622,56.0,6000.0,19.716375723419812,2.9281777413029024,1839.8283360964704,0.010716421383775227
623,56.0,7000.0,27.170165969729673,3.9786266219561948,2916.485638946683,0.009316063692171117
624,56.0,8000.0,36.05831114219639,5.226699832509722,4378.709812355079,0.00823491683336798
625,56.0,9000.0,46.297695791462836,6.684675620430455,6300.1583462325325,0.007348655898331295
626,56.0,10000.0,57.80520446817196,8.364832233185366,8759.631830762084,0.006599044980996984
627,57.0,0.0,0.0,0.0,0.0,
628,57.0,1000.0,0.526405550300593,0.08851673957828644,9.269451292628853,0.056789289212749325
629,57.0,2000.0,2.242132539504521,0.3621870558954607,75.85627960176633,0.02955763914702076
630,57.0,3000.0,5.032111292790833,0.7995558390071826,251.18787499597883,0.020033257150136687
631,57.0,4000.0,8.781272135338577,1.3791679789691127,577.7045321060863,0.015200282579271918
632,57.0,5000.0,13.449252167572912,2.089373542061925,1093.9934283911045,0.012293722995532273
633,57.0,6000.0,19.294515590903398,2.9577432994663524,1858.4049241615855,0.010382299002790292
634,57.0,7000.0,26.565724010995666,4.014319603976336,2942.6499613031606,0.00902782334302207
635,57.0,8000.0,35.1735015495551,5.259810429938586,4406.44848159201,0.007982279084049845
636,57.0,9000.0,44.94396295729705,6.687590157088003,6302.905232318124,0.007130674078177004
637,57.0,10000.0,55.70322298493684,8.29103316515949,8682.349627444793,0.006415685312747564
638,58.0,0.0,0.0,0.0,0.0,
639,58.0,1000.0,0.5386169320078183,0.09125700546872981,9.556411265638838,0.05636184097104283
640,58.0,2000.0,2.2175895962752663,0.37168937525807744,77.84644071521039,0.02848671790131019
641,58.0,3000.0,4.953551809296944,0.8195747318282317,257.4769956579397,0.0192388131477104
642,58.0,4000.0,8.663137387567456,1.413190697639382,591.955935176709,0.0146347673412234
643,58.0,5000.0,13.314469338650603,2.1388128451022643,1119.8797869294597,0.01188919515652377
644,58.0,6000.0,19.081627434386995,3.014708546429804,1894.1972444356472,0.010073727797060613
645,58.0,7000.0,26.129212550368326,4.062356292189814,2977.8626928884846,0.008774485342379356
646,58.0,8000.0,34.37795321291382,5.284087246567451,4426.786579931685,0.007765893519412528
647,58.0,9000.0,43.687609861024605,6.67744574215222,6293.344346486959,0.006941875012037391
648,58.0,10000.0,53.91794293370174,8.239976111533617,8628.882805916466,0.0062485427310164
649,59.0,0.0,0.0,0.0,0.0,
650,59.0,1000.0,0.5736743957011518,0.09642031674206311,10.09711195778888,0.05681569126889013
651,59.0,2000.0,2.203704464275266,0.38198386445807747,80.00251349142236,0.02754544036308985
652,59.0,3000.0,4.86951862640361,0.8388836699548984,263.54307747467533,0.01847712591453493
653,59.0,4000.0,8.550545302767455,1.4493127600393818,607.0867092924891,0.014084553609701702
654,59.0,5000.0,13.238735755230604,2.198995855772264,1151.3915376280909,0.011498031141085932
655,59.0,6000.0,18.976132610386994,3.0877844552298037,1940.1121920837425,0.009780946013233401
656,59.0,7000.0,25.800949494641664,4.121100039633148,3020.9241088180233,0.00854074732275768
657,59.0,8000.0,33.68599266891382,5.312517245767452,4450.604040365896,0.007568858600628153
658,59.0,9000.0,42.587716552751274,6.677648999308887,6293.535911844009,0.006766898155392118
659,59.0,10000.0,52.46257556570175,8.232108225933615,8620.64357538305,0.0060856912951966725
660,60.0,0.0,0.0,0.0,0.0,
661,60.0,1000.0,0.5882796062499999,0.1006594590833333,10.541033905684076,0.055808529932986926
662,60.0,2000.0,2.1860085,0.39234149,82.17180951216488,0.02660290083640398
663,60.0,3000.0,4.80660576875,0.8592998009166668,269.9569941790972,0.017805079595608328
664,60.0,4000.0,8.4634905,1.4857880999999997,622.3654639668182,0.01359890769975507
665,60.0,5000.0,13.16158931875,2.2572471585,1181.8918484133392,0.011136035278032513
666,60.0,6000.0,18.871859,3.163866,1987.9156365085048,0.009493289681621386
667,60.0,7000.0,25.560922331250005,4.2019295638333345,3080.175244682799,0.008298528590337497
668,60.0,8000.0,33.21203599999999,5.3873582,4513.302651567128,0.007358699064523839
669,60.0,9000.0,41.81261516874999,6.740981111166667,6353.225021048628,0.006581321302208281
670,60.0,10000.0,51.350075,8.2836275,8674.594433024795,0.005919593751208313
671,61.0,0.0,0.0,0.0,0.0,
672,61.0,1000.0,0.5509161627975391,0.10145963553050806,10.624828187284738,0.051851771443875955
673,61.0,2000.0,2.153102209489894,0.40210410861676904,84.21648757391426,0.025566278902337043
674,61.0,3000.0,4.782227761200557,0.8820826216707074,277.1144284099919,0.017257231204595495
675,61.0,4000.0,8.41396243905302,1.521544377104247,637.3430182962079,0.013201623297837075
676,61.0,5000.0,13.03618308604176,2.304938792553094,1206.8631296098213,0.010801707970195723
677,61.0,6000.0,18.685595432645208,3.2339161465480784,2031.929441664171,0.00919598636128896
678,61.0,7000.0,25.380170624105336,4.312543204326076,3161.259278099857,0.008028500161290355
679,61.0,8000.0,33.01411257723446,5.53735181705302,4638.9610103455625,0.007116704042911365
680,61.0,9000.0,41.450683401737486,6.9029901073771125,6505.914902741686,0.006371230491236455
681,61.0,10000.0,50.5531452073193,8.404106197946554,8800.75943048578,0.005744179875227982
682,62.0,0.0,0.0,0.0,0.0,
683,62.0,1000.0,0.48334262342376955,0.10011561456358739,10.484082640753114,0.046102519408321746
684,62.0,2000.0,2.108406680744947,0.4110009491083846,86.07983748915557,0.02449361827629573
685,62.0,3000.0,4.7730731080752795,0.9058472757370206,284.58031467297513,0.016772323530389818
686,62.0,4000.0,8.375222841526512,1.5578458665521233,652.5489506380502,0.012834627706223992
687,62.0,5000.0,12.868146495345883,2.3501155841715473,1230.5176423867028,0.010457506704566154
688,62.0,6000.0,18.426773396322606,3.3054856532740393,2076.8978889744362,0.008872257752364355
689,62.0,7000.0,25.187043185527678,4.443654247031372,3257.36869209893,0.007732328012675183
690,62.0,8000.0,32.90729804861723,5.732084970526511,4802.100275508947,0.006852688648849503
691,62.0,9000.0,41.25148080739376,7.125182786820225,6715.326569567659,0.006142885290841423
692,62.0,10000.0,49.883534283659664,8.577352658973277,8982.182700226442,0.005553609400797658
693,63.0,0.0,0.0,0.0,0.0,
694,63.0,1000.0,0.42063628594289704,0.09887455602307932,10.354119294301947,0.040625018312700004
695,63.0,2000.0,2.059048147255054,0.4188580832916156,87.72543182437609,0.02347150768521963
696,63.0,3000.0,4.745648808558058,0.9285478182763134,291.7119004403696,0.016268272913768703
697,63.0,4000.0,8.310851494473495,1.5965409974478766,668.7575291649559,0.012427301573487837
698,63.0,5000.0,12.676228080254127,2.4049905563384533,1259.2501106242855,0.010066489550649921
699,63.0,6000.0,18.127985043677405,3.3902722267259615,2130.170864230358,0.0085101084368775
700,63.0,7000.0,24.899216139939007,4.581729714465297,3358.583296062922,0.007413606852962961
701,63.0,8000.0,32.64592963138277,5.926355825473491,4964.852246364425,0.0065754080910037475
702,63.0,9000.0,40.8798624071396,7.350555640683113,6927.735480171925,0.005900898284027018
703,63.0,10000.0,49.11275135634036,8.780734241026725,9195.163394911302,0.005341150477382475
704,64.0,0.0,0.0,0.0,0.0,
705,64.0,1000.0,0.3978744481691274,0.09998361974949194,10.470260176143974,0.03800043566020134
706,64.0,2000.0,2.0121528425101065,0.42550158298323104,89.11684314606309,0.022578816433299537
707,64.0,3000.0,4.666461861832779,0.9481383044492928,297.86643318449813,0.015666289792856176
708,64.0,4000.0,8.184428184946984,1.6394781988957527,686.7430220495364,0.011917744952866259
709,64.0,5000.0,12.479176374358243,2.4817767320369057,1299.4552582028712,0.00960339057122811
710,64.0,6000.0,17.821822527354804,3.4999735734519213,2199.0982532229946,0.008104150190304218
711,64.0,7000.0,24.434365611761336,4.713236629143926,3454.982899374738,0.007072210289719038
712,64.0,8000.0,31.98434454276553,6.074962546946981,5089.348722219141,0.006284565332127447
713,64.0,9000.0,40.00068322239585,7.52210516015289,7089.417093199858,0.0056423091908027745
714,64.0,10000.0,48.0123055526807,8.991618302053446,9416.000667204878,0.0050990125478541475
715,65.0,0.0,0.0,0.0,0.0,
716,65.0,1000.0,0.45013440791666687,0.10568996558333332,11.067827314491934,0.040670530459693044
717,65.0,2000.0,1.974847,0.43075752,90.21764402070389,0.021889809043858382
718,65.0,3000.0,4.502019267083334,0.9625727894166668,302.40116037768354,0.014887572724458275
719,65.0,4000.0,7.959532699999999,1.6885058999999998,707.2796974644028,0.011253727101929997
720,65.0,5000.0,12.29573991125,2.5926871342499993,1357.5278090027618,0.009057449747775285
721,65.0,6000.0,17.540878,3.6462873999999994,2291.0299417434053,0.007656328571005892
722,65.0,7000.0,23.710167725416667,4.824642013583334,3536.647311417283,0.006704136895096561
723,65.0,8000.0,30.676879999999997,6.132703300000001,5137.721502380236,0.0059709114216852386
724,65.0,9000.0,38.27879827458333,7.5828278364166675,7146.646867296837,0.005356189970676694
725,65.0,10000.0,46.353706,9.1873722,9620.9936697717,0.004817974898542881
