,"a, град","n, об/мин","Fx, Н","Mx, Н*м","Wв, Вт","P, Н/Вт"
0,-0.0,0.0,0.0,0.0,0.0,
1,-0.0,1000.0,0.0018373346249999957,0.005107406591666665,0.5348463675758693,0.003435256807160357
2,-0.0,2000.0,0.082571805,0.016258499,3.4051720677864665,0.024248937603225388
3,-0.0,3000.0,0.24610159787500002,0.03317226240833334,10.421373588497287,0.023615082578618767
4,-0.0,4000.0,0.49632489999999996,0.05556768199999999,23.2761362064285,0.021323337155198588
5,-0.0,5000.0,0.8371545257500002,0.0832085354,43.56788725476771,0.019214944274314995
6,-0.0,6000.0,1.2725618,0.11603777000000001,72.90868115418841,0.017454187620110237
7,-0.0,7000.0,1.8050197497500002,0.15402991911666666,112.90982787698834,0.015986382972051925
8,-0.0,8000.0,2.4309497,0.19710668999999997,165.1277144739735,0.014721633541310552
9,-0.0,9000.0,3.14526005025,0.2451765833833333,231.07348595679758,0.013611514264505667
10,-0.0,10000.0,3.9428592,0.2981481,312.21996021391834,0.012628466153472505
11,1.0,0.0,0.0,0.0,0.0,
12,1.0,1000.0,0.021231280863825027,0.005252368171899749,0.5500267087596368,0.038600454351941586
13,1.0,2000.0,0.1757866177759875,0.01707608691965709,3.5764072812570316,0.04915173355597303
14,1.0,3000.0,0.4647380911581986,0.03512098036494316,11.03358139013768,0.042120330174353245
15,1.0,4000.0,0.8891577814321693,0.059036872629429055,24.72930737913742,0.03595562818642856
16,1.0,5000.0,1.4513301766685165,0.08854812531626116,46.363689997119074,0.031303163677410026
17,1.0,6000.0,2.1583893955334803,0.12367724995448695,77.70870797464094,0.027775386462966775
18,1.0,7000.0,3.016583936339836,0.16447497159607502,120.56645124197782,0.025020093942099437
19,1.0,8000.0,4.023770185390866,0.21080671945877702,176.60502431441557,0.022784007425673346
20,1.0,9000.0,5.175706500987479,0.2624915988017908,247.3925035274236,0.02092103207328491
21,1.0,10000.0,6.4681512414305855,0.31934871488431377,334.4211922046339,0.019341331806127567
22,2.0,0.0,0.0,0.0,0.0,
23,2.0,1000.0,0.04134062889024583,0.005589726614699877,0.5853548022772159,0.07062490771309583
24,2.0,2000.0,0.2709759468879938,0.01829648839982855,3.832007569559482,0.07071383392886788
25,2.0,3000.0,0.6896504166207661,0.03781353892872158,11.879473610470336,0.0580539541762963
26,2.0,4000.0,1.298108500716085,0.06383413177471454,26.7387785908968,0.04854778599191607
27,2.0,5000.0,2.0987017042092586,0.09611556329438059,50.325991256878474,0.04170214340134654
28,2.0,6000.0,3.100209701766741,0.1346713009772435,84.61647395989762,0.03663837024497177
29,2.0,7000.0,4.310722306128252,0.17954005637178755,131.60973516196452,0.03275382554963198
30,2.0,8000.0,5.729141712695434,0.23060534612938857,193.19148300763163,0.02965524992874099
31,2.0,9000.0,7.352073212535406,0.28771188817714544,271.16206627433047,0.027113206922893953
32,2.0,10000.0,9.176122096715295,0.3507044004421569,367.25678933689767,0.024985575115665765
33,3.0,0.0,0.0,0.0,0.0,
34,3.0,1000.0,0.06346309846808745,0.006102224716133461,0.6390234779586315,0.09931262411644266
35,3.0,2000.0,0.36959632011200627,0.019941296320171456,4.176495334833855,0.08849436919740009
36,3.0,3000.0,0.921270806520901,0.0413134445904451,12.979001401983131,0.07098164011139833
37,3.0,4000.0,1.7213576992839164,0.0700148993052855,29.327772439908536,0.05869377576530612
38,3.0,5000.0,2.773975152490743,0.10587644147311945,55.43677512003028,0.05003853753189292
39,3.0,6000.0,4.088229370233261,0.14886705702275657,93.53593054084497,0.04370758217290655
40,3.0,7000.0,5.672349576805084,0.19897701188404593,145.85776771257244,0.038889595430961384
41,3.0,8000.0,7.526069027304569,0.2561434870706115,214.58626593224142,0.035072463722729715
42,3.0,9000.0,9.646996984531262,0.3202903923670214,301.8665831026881,0.03195781687849024
43,3.0,10000.0,12.032742711284708,0.3913416375578432,409.8120045318399,0.029361616004954873
44,4.0,0.0,0.0,0.0,0.0,
45,4.0,1000.0,0.08889640936117493,0.006772605272266921,0.7092255656339087,0.12534292849654816
46,4.0,2000.0,0.4731042652240125,0.022032103560342905,4.614392979220186,0.10252795272412303
47,4.0,3000.0,1.1600314931168016,0.045684203840890183,14.352115917163923,0.08082651365221358
48,4.0,4000.0,2.1570860185678318,0.07763461509057096,32.519511524374536,0.06633205474046
49,4.0,5000.0,3.4718565656314846,0.11779635199123886,61.6780256725589,0.05629000811509672
50,4.0,6000.0,5.112655052466521,0.1661116520455131,104.37102914836957,0.048985385065031604
51,4.0,7000.0,7.086380466060167,0.22253767657309176,163.1286369694255,0.04344044428807639
52,4.0,8000.0,9.393556874609136,0.287062059341223,240.48854846686487,0.03906030842006352
53,4.0,9000.0,12.033114616612522,0.35968005222904265,338.99046291766604,0.03549691195747629
54,4.0,10000.0,15.003984030569416,0.44038690711568634,461.1720907105902,0.032534458031601064
55,5.0,0.0,0.0,0.0,0.0,
56,5.0,1000.0,0.11893828133333331,0.00758361107916667,0.7941538951330724,0.14976729581286435
57,5.0,2000.0,0.5829563100000001,0.024590503,5.150222904858518,0.11319050083250999
58,5.0,3000.0,1.4063647086666666,0.05098932317083334,16.018768308500583,0.08779480928757548
59,5.0,4000.0,2.6034741000000006,0.08674871899999999,36.337218442496706,0.07164758920994388
60,5.0,5000.0,4.18705198775,0.1318408869875,69.03172700044868,0.06065402344233378
61,5.0,6000.0,6.163693400000001,0.18625221999999997,117.02572121335795,0.05266956132457865
62,5.0,7000.0,8.537729691583335,0.24997388887916672,183.24043100814768,0.046593045239037394
63,5.0,8000.0,11.31061,0.32300197999999997,270.5975059901219,0.041798648360095725
64,5.0,9000.0,14.483062908416668,0.40533380862083335,382.0181146244343,0.03791197944279451
65,5.0,10000.0,18.055817000000005,0.49696669000000004,520.4223007942787,0.034694548970024656
66,6.0,0.0,0.0,0.0,0.0,
67,6.0,1000.0,0.15331688449922928,0.008500535270432711,0.8901739719057442,0.17223249537503124
68,6.0,2000.0,0.6994952201999689,0.027613346223142744,5.783325709043781,0.12095034161851209
69,6.0,3000.0,1.66110730369583,0.05727578741467456,17.993719297051232,0.0923159507088703
70,6.0,4000.0,3.0607254315804227,0.0974252134015726,40.80937795957311,0.0750005411651327
71,6.0,5000.0,4.91736071979029,0.14803933806270286,77.51321615001386,0.06343899742559464
72,6.0,6000.0,7.235779561633702,0.20925731256621735,131.4802471735943,0.055033206258581574
73,6.0,7000.0,10.01744393839326,0.2812105881806708,206.13812751934736,0.04859578409361975
74,6.0,8000.0,13.264842905877167,0.36383837928694257,304.8085278565002,0.04351860821991857
75,6.0,9000.0,16.980722288525037,0.4570318410439936,430.7423622841285,0.03942199276263458
76,6.0,10000.0,21.16782791077647,0.5606821286107844,587.1449520809092,0.03605213301375624
77,7.0,0.0,0.0,0.0,0.0,
78,7.0,1000.0,0.185482190376896,0.009418872329799375,0.9863420038799299,0.1880505845307945
79,7.0,2000.0,0.818608713519969,0.030998519631142744,6.492314769690469,0.12608888240318597
80,7.0,3000.0,1.9267146017981631,0.0645244947813079,20.270967878154984,0.09504798258175368
81,7.0,4000.0,3.537134887580422,0.10978235065757261,45.985523509286494,0.07691844340678473
82,7.0,5000.0,5.67295508999829,0.16667579466580287,87.27124200888785,0.0650037166816137
83,7.0,6000.0,8.340262675233703,0.23558115232621737,148.02000349445248,0.05634551059543976
84,7.0,7000.0,11.541097760823925,0.31686511760863745,232.27426265357096,0.04968737228556861
85,7.0,8000.0,15.278309122677165,0.4103832401669426,343.80185932395796,0.04443928590938976
86,7.0,9000.0,19.55494770129437,0.515863283576027,486.18969058174633,0.040220819322384346
87,7.0,10000.0,24.37406443717647,0.6330330114107844,662.9106193759814,0.03676825159343585
88,8.0,0.0,0.0,0.0,0.0,
89,8.0,1000.0,0.2076616627714539,0.01022194143010112,1.0704392034076942,0.19399669043358325
90,8.0,2000.0,0.935162217248056,0.03462122351354307,7.251052096562475,0.1289691764442557
91,8.0,3000.0,2.2056764978894403,0.07269610669110581,22.83815547253578,0.09657857441866946
92,8.0,4000.0,4.0423793391552385,0.12394485140356931,51.91789794929759,0.07786099782204162
93,8.0,5000.0,6.466617576242677,0.1880963657927749,98.48702682358667,0.0656595877122568
94,8.0,6000.0,9.492426047299336,0.2658021488048089,167.00841559871373,0.05683801030786167
95,8.0,7000.0,13.1298923820704,0.3577275669305129,262.2280024596051,0.05007051977255173
96,8.0,8000.0,17.3806273737411,0.46367086603550345,388.44399637886795,0.04474422963352726
97,8.0,9000.0,22.244122606356672,0.5832135118290916,549.6657852709735,0.04046845047011757
98,8.0,10000.0,27.719869663962367,0.7159369700205882,749.7274418166719,0.036973262705702864
99,9.0,0.0,0.0,0.0,0.0,
100,9.0,1000.0,0.2200647300216786,0.010914371830202873,1.1429503453437575,0.19254093663665783
101,9.0,2000.0,1.0461250056561433,0.0384039273879434,8.043299743397254,0.13006167108404823
102,9.0,3000.0,2.4919718071450507,0.08166583652510376,25.656079207653097,0.09712987658697696
103,9.0,4000.0,4.571396114730057,0.13989726909356606,58.600031045549535,0.07801013127751982
104,9.0,5000.0,7.300019190729066,0.21260852239414693,111.32156200733884,0.06557596802538411
105,9.0,6000.0,10.700783425764975,0.30056240352340047,188.84892777088118,0.056663193972420006
106,9.0,7000.0,14.793407160569549,0.40457987697358816,296.57253950111357,0.04988124384494473
107,9.0,8000.0,19.577391408005038,0.5244620270240644,439.37228031616337,0.0445576388977419
108,9.0,9000.0,25.04718284896632,0.6597549679009567,621.8044080981045,0.04028144947633521
109,9.0,10000.0,31.19722816434827,0.8100048138303922,848.2350575006427,0.036778989371498164
110,10.0,0.0,0.0,0.0,0.0,
111,10.0,1000.0,0.23088278500000003,0.011622102875000009,1.2170637670454947,0.1897047560297385
112,10.0,2000.0,1.1505701999999998,0.04231636999999999,8.862719807905831,0.1298213443432629
113,10.0,3000.0,2.771068265,0.091223449625,28.658691917701855,0.09669207069734996
114,10.0,4000.0,5.104383,0.15748398999999996,65.96673947226778,0.07737813087072264
115,10.0,5000.0,8.163719480000001,0.24048109737499998,125.91560814008527,0.06483484931365771
116,10.0,6000.0,11.967079,0.34056771,213.98500315717985,0.0559248490475276
117,10.0,7000.0,16.52959959,0.45819583962500005,335.8750928566384,0.04921353188000556
118,10.0,8000.0,21.85017,0.59324396,496.9948977393379,0.04396457609401837
119,10.0,9000.0,27.923616659999993,0.7454471603749999,702.5673968020417,0.03974510742613903
120,10.0,10000.0,34.744766,0.9145405300000001,957.7046034860389,0.03627920955326858
121,11.0,0.0,0.0,0.0,0.0,
122,11.0,1000.0,0.2464711290417187,0.01244972529622487,1.303732184327702,0.18905042922509188
123,11.0,2000.0,1.2472300889835763,0.04633439154034128,9.704252271445947,0.12852407935163224
124,11.0,3000.0,3.028441756607083,0.10114046743043388,31.774214946008886,0.09531130074348167
125,11.0,4000.0,5.61627100869375,0.1763544216645873,73.87116740393921,0.07602791733320109
126,11.0,5000.0,9.029955579169554,0.2714208455727788,142.11562241376194,0.0635394999212636
127,11.0,6000.0,13.261024630538346,0.38561682101255557,242.29019439873895,0.05473199055144002
128,11.0,7000.0,18.297431032241114,0.5183357538075817,379.9599524594595,0.04815620939470823
129,11.0,8000.0,24.14053105288946,0.6696038551184187,560.9660138814475,0.04303385669633675
130,11.0,9000.0,30.795031810887647,0.8396055374398516,791.3095765003042,0.03891654129485416
131,11.0,10000.0,38.265640424639926,1.028525213266667,1077.0690846768118,0.035527563615960635
132,12.0,0.0,0.0,0.0,0.0,
133,12.0,1000.0,0.26445252958863114,0.013395337966691404,1.402756511617005,0.188523473174819
134,12.0,2000.0,1.33310774467157,0.05045001724416982,10.566226903184152,0.12616686702704025
135,12.0,3000.0,3.2510809537711824,0.11113029630138879,34.912612245169996,0.09312052993745706
136,12.0,4000.0,6.063487465409832,0.19540243360730183,81.8499799885689,0.07408050027937274
137,12.0,5000.0,9.79960740644881,0.3028929292144593,158.59436687407307,0.06179038763860941
138,12.0,6000.0,14.425380177105083,0.4318692495097989,271.3514523142643,0.053161241828911986
139,12.0,7000.0,19.901899515846026,0.5807073637939358,425.680730528789,0.04675311351567052
140,12.0,8000.0,26.234217240784886,0.749576286687807,627.9635614836083,0.04177665528682062
141,12.0,9000.0,33.43837468994638,0.9390932941424301,885.0745781739892,0.03778029051397409
142,12.0,10000.0,41.53041320135521,1.1498756621088237,1204.1469775409269,0.03448948838967099
143,13.0,0.0,0.0,0.0,0.0,
144,13.0,1000.0,0.2804646800096006,0.014432923601648908,1.5114122252254314,0.18556464962281785
145,13.0,2000.0,1.4051113222407787,0.05466242520543149,11.448471563519007,0.12273352948861922
146,13.0,3000.0,3.4274008929739264,0.12090834009466962,37.98447529991503,0.09023162399670144
147,13.0,4000.0,6.400794358489434,0.21339050355268513,89.38480510759229,0.07160942344489997
148,13.0,5000.0,10.362013526688742,0.3319311655398288,173.79875185957061,0.059620759158623006
149,13.0,6000.0,15.280823571957457,0.4747622347245671,298.3019097625146,0.05122603333020192
150,13.0,7000.0,21.12114037061988,0.6401953305120991,469.28768767983667,0.045006806965345765
151,13.0,8000.0,27.89043924027085,0.8284512565464367,694.0417017129383,0.04018553809005353
152,13.0,9000.0,35.60708535882286,1.0402281125312955,980.3918989157684,0.03631923662180534
153,13.0,10000.0,44.28944390418838,1.276223998170392,1336.4586456623658,0.03313940468561073
154,14.0,0.0,0.0,0.0,0.0,
155,14.0,1000.0,0.2947006398836577,0.015594121481139877,1.633012582811194,0.18046440240915795
156,14.0,2000.0,1.4679088841219938,0.05904224526286462,12.36577893128415,0.11870735295197095
157,14.0,3000.0,3.5699244750125723,0.13057010680199554,41.019808830758386,0.0870292811393039
158,14.0,4000.0,6.651047154852955,0.2304034415553539,96.51116791361399,0.0689147929574972
159,14.0,5000.0,10.751365374649419,0.3585375945935179,187.72984553512524,0.05727041080762932
160,14.0,6000.0,15.870122420243092,0.514046349442092,322.9848470023856,0.049135811068331245
161,14.0,7000.0,22.00073602178882,0.6960555872039084,510.23539449164997,0.043118796264042525
162,14.0,8000.0,29.15416685186139,0.9048211408356781,758.0211863632271,0.038460886550856055
163,14.0,9000.0,37.34576131864061,1.1408813312575827,1075.2553226689695,0.0347319939100064
164,14.0,10000.0,46.590865830306264,1.404774479389804,1471.0763948004783,0.031671275533331746
165,15.0,0.0,0.0,0.0,0.0,
166,15.0,1000.0,0.31190883500000033,0.01696822745000001,1.77690862337869,0.1755345384091409
167,15.0,2000.0,1.5339284,0.06373155900000001,13.347906503748298,0.11491902490995493
168,15.0,3000.0,3.7152824650000005,0.14059120855000004,44.16803079399906,0.08411700495157193
169,15.0,4000.0,6.905194800000001,0.24784839,103.81849083040773,0.066512186266317
170,15.0,5000.0,11.146707255000004,0.38568247922500015,201.9428738919264,0.05519732902764065
171,15.0,6000.0,16.458134,0.5537855,347.95369169291007,0.04729978268063696
172,15.0,7000.0,22.85371599000001,0.751915339425,551.182731507113,0.04146304788524581
173,15.0,8000.0,30.356129000000003,0.98058069,821.4893578549361,0.03695255295730865
174,15.0,9000.0,38.990157509999996,1.2404779455750001,1169.122920227574,0.03334992141152311
175,15.0,10000.0,48.780586,1.5323035000000003,1604.6244728899762,0.030400001261444504
176,16.0,0.0,0.0,0.0,0.0,
177,16.0,1000.0,0.33463894384216525,0.018577262938348688,1.9454064256974057,0.17201492676380004
178,16.0,2000.0,1.6114318224501005,0.06881050617363509,14.411638712325807,0.11181461418900927
179,16.0,3000.0,3.889837018165997,0.15134071080376646,47.54508652501701,0.08181364894812557
180,16.0,4000.0,7.229312913332046,0.26680885792664977,111.76063306333943,0.06468568327843036
181,16.0,5000.0,11.67788394050541,0.4155939319560998,217.6044739182966,0.053665642669139584
182,16.0,6000.0,17.23783873310312,0.5970269305695596,375.1230838145184,0.045952487268489356
183,16.0,7000.0,23.91103630544164,0.8105814904665054,594.1872663032689,0.04024158318673497
184,16.0,8000.0,31.743352994575222,1.0573497911709164,885.8032896579341,0.0358356684437618
185,16.0,9000.0,40.79166946824259,1.3388286479128968,1261.8162734096138,0.03232774083505634
186,16.0,10000.0,51.11286639418244,1.656514875922551,1734.6983215868313,0.029464988671590156
187,17.0,0.0,0.0,0.0,0.0,
188,17.0,1000.0,0.3558534180692738,0.02016412448878027,2.1115821786674043,0.1685245412962563
189,17.0,2000.0,1.6906674865220128,0.07409903284323476,15.519265147894341,0.10893991889502598
190,17.0,3000.0,4.074683178153052,0.16269538731523514,51.112263356248874,0.0797202649734526
191,17.0,4000.0,7.578141465757226,0.2868438501566529,120.1528709839403,0.06307083138088415
192,17.0,5000.0,12.252750272851017,0.44701525133632763,234.056638273467,0.052349509773506844
193,17.0,6000.0,18.076085325837482,0.6420010916909679,403.3811826505943,0.04481142428871018
194,17.0,7000.0,25.02884649813182,0.8708195132895633,638.3440432957307,0.039209023348771986
195,17.0,8000.0,33.178362448311276,1.1350745522623553,950.9178332437706,0.034890882564619974
196,17.0,9000.0,42.61361903124361,1.437016718254898,1354.3563495465903,0.031464111380664135
197,17.0,10000.0,53.423602101796526,1.7788965209127467,1862.8560805319757,0.028678330365993893
198,18.0,0.0,0.0,0.0,0.0,
199,18.0,1000.0,0.3665892085002873,0.021419005362183576,2.242992996434544,0.1634375181211072
200,18.0,2000.0,1.757889674602846,0.0793632731464977,16.62180505879182,0.10575804904371924
201,18.0,3000.0,4.240454186128192,0.1744176521210685,54.794921455992906,0.07738772268400458
202,18.0,4000.0,7.880835530896838,0.30716699105402195,128.6658083360796,0.06125042567883939
203,18.0,5000.0,12.728619378211672,0.47792100036742796,250.23885062509942,0.050865880123791486
204,18.0,6000.0,18.76552292330504,0.6858888370991311,430.9566663619753,0.04354387433362785
205,18.0,7000.0,25.977427252937233,0.9305255167146733,682.1108297006883,0.03808388039277456
206,18.0,8000.0,34.43473749405084,1.2133700417746098,1016.510509153348,0.033875436784939435
207,18.0,9000.0,44.228989783634034,1.5364824116132485,1448.1005570082332,0.030542761391523014
208,18.0,10000.0,55.45172025867494,1.901922625564899,1991.688716056966,0.027841559683309928
209,19.0,0.0,0.0,0.0,0.0,
210,19.0,1000.0,0.36872330087085886,0.02242489144348863,2.3483291405470834,0.1570151707034383
211,19.0,2000.0,1.8110677586117674,0.08462780078016102,17.72440514802763,0.10217932525725994
212,19.0,3000.0,4.37744771794961,0.18647032315709983,58.58137973428595,0.07472421676998535
213,19.0,4000.0,8.11827752361127,0.32781405372138767,137.31442972194685,0.059121809266879495
214,19.0,5000.0,13.076787029726715,0.5086425047933005,266.324592727024,0.04910093692748116
215,19.0,6000.0,19.26746812803824,0.729426857385886,458.3124112989178,0.042040031325862835
216,19.0,7000.0,26.70721319221913,0.9908384587250589,726.322525325805,0.03677045976267792
217,19.0,8000.0,35.451254486054346,1.2938616521954254,1083.9430030129868,0.03270582898502238
218,19.0,9000.0,45.564409245856766,1.639559030221264,1545.2479813409784,0.029486794220766825
219,19.0,10000.0,57.11149470793927,2.028993185226856,2124.7566949641487,0.026879075069300075
220,20.0,0.0,0.0,0.0,0.0,
221,20.0,1000.0,0.3749727158333338,0.023657561241666653,2.477414019955686,0.151356500291397
222,20.0,2000.0,1.8598862000000003,0.09017562900000001,18.88633957328258,0.09847785447165604
223,20.0,3000.0,4.495625884166667,0.19901662225833336,62.522915842903494,0.07190365042255034
224,20.0,4000.0,8.3230772,0.34964296,146.458100602052,0.05682906691938477
225,20.0,5000.0,13.382531647500002,0.5418678531000001,283.72134441923885,0.047167870555855675
226,20.0,6000.0,19.711905,0.77690768,488.145492001098,0.040381208723639435
227,20.0,7000.0,27.348792875833333,1.0561401464666669,774.1911625702166,0.03532563299358624
228,20.0,8000.0,36.331886,1.3801851000000003,1156.2611655344253,0.03142186824479862
229,20.0,9000.0,46.70014887416666,1.7494729235333333,1648.8393852679733,0.028323043039499472
230,20.0,10000.0,58.492546000000004,2.1644340000000004,2266.5899845266567,0.025806408039968153
231,21.0,0.0,0.0,0.0,0.0,
232,21.0,1000.0,0.39414403298192396,0.025432140598656634,2.6632475356600804,0.14799376614620097
233,21.0,2000.0,1.9126839149178276,0.09620571453054978,20.14927773350213,0.09492568121871758
234,21.0,3000.0,4.606589211483541,0.2122049425042954,66.66614884269389,0.06909937489194547
235,21.0,4000.0,8.526829488354897,0.3733140452285092,156.3734215962363,0.05452863665266327
236,21.0,5000.0,13.719127707606152,0.5795400803716161,303.4464764927179,0.04521102985335004
237,21.0,6000.0,20.208220416905302,0.8313814534412756,522.3723732923831,0.038685469312892476
238,21.0,7000.0,28.016461237975093,1.1295182834204918,827.9801463008065,0.033837117185895264
239,21.0,8000.0,37.177658503163585,1.4748661953544067,1235.581014494222,0.030089211526434827
240,21.0,9000.0,47.728484222475146,1.8683996908036975,1760.925222779501,0.027104208404226827
241,21.0,10000.0,59.705610405914186,2.311093271329043,2420.171214322708,0.024669994441952316
242,22.0,0.0,0.0,0.0,0.0,
243,22.0,1000.0,0.41751684421453344,0.027352832927565688,2.864381966003646,0.14576158109145212
244,22.0,2000.0,1.9703802314366123,0.10253584196111665,21.47505652231254,0.09175203936666669
245,22.0,3000.0,4.725071989538229,0.22608950910056944,71.02811408440716,0.06652396801530067
246,22.0,4000.0,8.748073946391376,0.3985543163458403,166.94604163847924,0.052400607169442705
247,22.0,5000.0,14.092010840965473,0.620212136303127,324.7423151795225,0.04339443978274034
248,22.0,6000.0,20.754079056619666,0.8903104040037507,559.3985249265487,0.03710070393793899
249,22.0,7000.0,28.728007590632824,1.2083201846402825,885.7449568917071,0.03243372414046402
250,22.0,8000.0,38.04908425157305,1.5756415016251646,1320.006337652482,0.028824925431221855
251,22.0,9000.0,48.76298655083073,1.9941566179258106,1879.4483342949582,0.025945372193018172
252,22.0,10000.0,60.9153919997963,2.46574779650963,2582.1250543732913,0.023591185832237356
253,23.0,0.0,0.0,0.0,0.0,
254,23.0,1000.0,0.4324704093277518,0.028867450772854616,3.0229923758621684,0.14306037050603201
255,23.0,2000.0,2.0318340309990703,0.10889269403753653,22.80643250786172,0.08909039282222972
256,23.0,3000.0,4.865365390487438,0.24068229196435578,75.61257202843738,0.0643459845362436
257,23.0,4000.0,9.000339013266336,0.4248428067236223,177.95773873778668,0.05057571014952016
258,23.0,5000.0,14.488310339274683,0.6616222135609625,346.42458092915615,0.041822408503504965
259,23.0,6000.0,21.317958466313105,0.9498341400232686,596.7983912851759,0.03572053607652315
260,23.0,7000.0,29.474370693634725,1.288521224451059,944.5353896369935,0.031205152307699553
261,23.0,8000.0,38.991143468440946,1.6790764960580955,1406.659835955041,0.027718956972968667
262,23.0,9000.0,49.914000524920205,2.1234805817764504,2001.333298724843,0.024940373778182322
263,23.0,10000.0,62.288665597260966,2.623714108538194,2747.546989501161,0.02267064615647209
264,24.0,0.0,0.0,0.0,0.0,
265,24.0,1000.0,0.4374565290416941,0.029914620665901153,3.1326517506306826,0.13964416215547193
266,24.0,2000.0,2.0911765540427436,0.11509935088338953,24.106351677880696,0.08674794850693014
267,24.0,3000.0,5.013549747548626,0.2555648546552014,80.28806699005239,0.06244451928541012
268,24.0,4000.0,9.25696578210482,0.4513217959840732,189.04923182246876,0.04896590000851099
269,24.0,5000.0,14.86418305172457,0.7022620841422872,367.7035674060111,0.0404243645406677
270,24.0,6000.0,21.83943483629218,1.0078026094803114,633.2210548423939,0.03448943251220212
271,24.0,7000.0,30.183833934812245,1.3675493738737123,1002.4660488226945,0.030109582234989826
272,24.0,8000.0,39.92453633689938,1.782339844220268,1493.169536214072,0.026738113367975585
273,24.0,9000.0,51.095208829820756,2.253319353673311,2123.703458307532,0.024059483742867125
274,24.0,10000.0,63.72951820084351,2.7816332353861704,2912.919512423467,0.02187822833038814
275,25.0,0.0,0.0,0.0,0.0,
276,25.0,1000.0,0.4419995450000002,0.030923783124999972,3.2383309962234645,0.13648992197383752
277,25.0,2000.0,2.1378114000000004,0.12107529,25.357949439683583,0.08430537355100413
278,25.0,3000.0,5.127494555,0.26988835437500003,84.78792713939387,0.06047434732742371
279,25.0,4000.0,9.451108000000001,0.47679681000000007,199.7201807401398,0.047321747682058435
280,25.0,5000.0,15.144813385,0.741377099375,388.1841414893683,0.03901450823542927
281,25.0,6000.0,22.229183,1.0637761,668.3902361648801,0.033257791327933835
282,25.0,7000.0,30.722025330000005,1.444285200625,1058.716347726791,0.029018183572931885
283,25.0,8000.0,40.645683,1.8832034000000002,1577.6687911080855,0.02576312799561196
284,25.0,9000.0,52.023632170000006,2.3808315993750004,2243.880918609282,0.0231846671267401
285,25.0,10000.0,64.87934900000002,2.9374707000000004,3076.1121237517564,0.021091347255856988
286,26.0,0.0,0.0,0.0,0.0,
287,26.0,1000.0,0.4536245208780995,0.03225726348051063,3.3779727325094173,0.13428898241612283
288,26.0,2000.0,2.165299797599479,0.1268200000140617,26.561118691495587,0.08152140814357985
289,26.0,3000.0,5.179020022830233,0.28310834075870145,88.94110834975324,0.05822976707760582
290,26.0,4000.0,9.538779389236458,0.500542416872478,209.66671728755423,0.04549496225552189
291,26.0,5000.0,15.283749630900672,0.7787183766745226,407.7359885626749,0.037484426343570944
292,26.0,6000.0,22.433812647571038,1.117936437128297,702.4201796125211,0.03193788176750032
293,26.0,7000.0,31.005645734302934,1.518614846801041,1113.2028241465925,0.02785264738981649
294,26.0,8000.0,41.022397601714864,1.9809399120307711,1659.5483399569819,0.02471901336888941
295,26.0,9000.0,52.508834814316124,2.505039953598199,2360.9445345519057,0.022240604997644305
296,26.0,10000.0,65.489723936616,3.0910432922840365,3236.9329663225126,0.020232029707744934
297,27.0,0.0,0.0,0.0,0.0,
298,27.0,1000.0,0.46993374918752767,0.0339235673568056,3.552467666389966,0.13228375127340047
299,27.0,2000.0,2.1846556911905575,0.1326362492923984,27.779271091780213,0.0786433770696377
300,27.0,3000.0,5.200655456728817,0.2959727864530702,92.98259315834659,0.055931495133419815
301,27.0,4000.0,9.57442267652203,0.5237679194851121,219.39539307205845,0.043640035200636126
302,27.0,5000.0,15.353382133425628,0.8159290405314501,427.21944659736204,0.035937928986401226
303,27.0,6000.0,22.548699218837843,1.172654147721542,736.8003311367193,0.030603541103259562
304,27.0,7000.0,31.166583946341042,1.5941941265030553,1168.6053297841993,0.02666989714320097
305,27.0,8000.0,41.229684209711365,2.0807208056099555,1743.140585886846,0.02365252954553589
306,27.0,9000.0,52.764757372773374,2.632386249597783,2480.9655909441544,0.021267831188538675
307,27.0,10000.0,65.79856079935168,3.2493425230220794,3402.703533107696,0.019337141822419576
308,28.0,0.0,0.0,0.0,0.0,
309,28.0,1000.0,0.48611273108823894,0.035836532713047396,3.7527929300480003,0.1295335874239193
310,28.0,2000.0,2.210694963384134,0.1388889366510136,29.088830869848167,0.07599806858087291
311,28.0,3000.0,5.2385848936959345,0.30953300111264576,97.24266023390892,0.05387126268548151
312,28.0,4000.0,9.63462071883189,0.5481445153966906,229.60623769010408,0.04196149379807175
313,28.0,5000.0,15.452593345133904,0.8551031038768483,447.73093820022274,0.034513123902605074
314,28.0,6000.0,22.70210451707844,1.2308037312266285,773.3367920064964,0.02935603834155576
315,28.0,7000.0,31.384345480448975,1.6755197243832227,1228.2201066489965,0.025552704527917375
316,28.0,8000.0,41.511054648122354,2.1890225190387325,1833.8712171612544,0.02263575231437434
317,28.0,9000.0,53.09660722474879,2.770958078073989,2611.566462444761,0.0203313252748098
318,28.0,10000.0,66.15537841497846,3.420972364369823,3582.4338826793132,0.018466601361390833
319,29.0,0.0,0.0,0.0,0.0,
320,29.0,1000.0,0.4988167008461886,0.037767104517994234,3.954961936702952,0.1261242734644436
321,29.0,2000.0,2.2453249619866305,0.1456281027312921,30.50027851312313,0.07361653963325453
322,29.0,3000.0,5.3039738905978036,0.3243856132528527,101.90874595253818,0.05204630712527868
323,29.0,4000.0,9.739212593856184,0.5748422546956348,240.78936057663987,0.04044702212146259
324,29.0,5000.0,15.60624241531722,0.8978259730903191,470.1005802104423,0.03319766678086428
325,29.0,6000.0,22.92327364405224,1.29426602413847,813.2113266448574,0.02818858136006166
326,29.0,7000.0,31.696289637185473,1.7647527337363758,1293.6313188653637,0.02450179519848522
327,29.0,8000.0,41.91935707853686,2.3084193988883257,1933.8969133204616,0.021676107340469444
328,29.0,9000.0,53.58356348360026,2.9240350593756106,2755.8381184120235,0.01944365422831016
329,29.0,10000.0,66.67999636786958,3.6103687549795227,3780.7693191312655,0.017636621211047893
330,30.0,0.0,0.0,0.0,0.0,
331,30.0,1000.0,0.5061706258333334,0.039343334750000014,4.120024380610802,0.12285622100087974
332,30.0,2000.0,2.2775445,0.15258893,31.958150767141813,0.07126646709301111
333,30.0,3000.0,5.372969524166668,0.3406725702500001,107.0254443976953,0.05020273033580013
334,30.0,4000.0,9.8512936,0.60453004,253.2249510051125,0.03890332907913607
335,30.0,5000.0,15.765165190000003,0.9451744480000002,494.89218369959804,0.03185575709065863
336,30.0,6000.0,23.142435,1.3639282000000001,856.9813626287902,0.02700459544302175
337,30.0,7000.0,31.997629503333343,1.8617186565000003,1364.7110526726742,0.023446450031066005
338,30.0,8000.0,42.31677600000001,2.4375837,2042.1053451813934,0.020722131744991417
339,30.0,9000.0,54.078776996666676,3.0900888434999993,2912.3401229038136,0.018568839735225096
340,30.0,10000.0,67.262535,3.817799599999999,3997.9903920793495,0.01682408620422343
341,31.0,0.0,0.0,0.0,0.0,
342,31.0,1000.0,0.5076244651648043,0.04036342579535895,4.226848065080548,0.12009527131066418
343,31.0,2000.0,2.298125316274863,0.15946215921031368,33.397676526712495,0.06881093403119679
344,31.0,3000.0,5.4233176578863675,0.3580145495266569,112.47358786712044,0.04821858856582074
345,31.0,4000.0,9.935016594555508,0.6367389460261814,266.7165860120479,0.03724933924471698
346,31.0,5000.0,15.880987540063195,0.9964690700672966,521.7499850088119,0.03043792620290153
347,31.0,6000.0,23.29279714508917,1.438500131314879,903.8362889453552,0.025771035562500436
348,31.0,7000.0,32.19200846197924,1.963934775895543,1439.639381619356,0.02236116132483717
349,31.0,8000.0,42.57636891284442,2.5726439074763827,2155.253120008091,0.019754695407973512
350,31.0,9000.0,54.43767201223708,3.264190494109614,3076.4270628637196,0.017695095934295704
351,31.0,10000.0,67.76771127470958,4.038137503847453,4228.727705424195,0.016025555674295096
352,32.0,0.0,0.0,0.0,0.0,
353,32.0,1000.0,0.5076725391708624,0.04133103262697905,4.328175615539915,0.11729481062369813
354,32.0,2000.0,2.3071758156311897,0.16581552220446066,34.728321760579256,0.06643499307386937
355,32.0,3000.0,5.445249472705179,0.3740262236711445,117.50380365352002,0.046341048573724675
356,32.0,4000.0,9.968633153717027,0.6665358919657305,279.1979015404612,0.03570454182755517
357,32.0,5000.0,15.92136905377331,1.0440938005999716,546.6862356039196,0.02912341306011685
358,32.0,6000.0,23.336709575110095,1.5081552973778363,947.6019205429479,0.02462712355177462
359,32.0,7000.0,32.241512162081726,2.0600916900815562,1510.1260811657062,0.021350212120827456
360,32.0,8000.0,42.64784422038598,2.70023205211421,2262.1411141092517,0.01885286640801767
361,32.0,9000.0,54.56407564605652,3.428644898284087,3231.421687265223,0.016885470522491453
362,32.0,10000.0,67.99857633512703,4.245398743399477,4445.771167941045,0.015295113888333343
363,33.0,0.0,0.0,0.0,0.0,
364,33.0,1000.0,0.5118805728942694,0.042901981837141695,4.492685032133569,0.11393644763278186
365,33.0,2000.0,2.3072586915787965,0.1712229519566532,35.86085119953199,0.06433920596979326
366,33.0,3000.0,5.432942437868958,0.38598548982534947,121.26091792275756,0.04480373834321218
367,33.0,4000.0,9.935739893580132,0.6882121749100454,288.2776417077937,0.034465870591696035
368,33.0,5000.0,15.860947759559954,1.07923825368691,565.0878282093124,0.028068110774605023
369,33.0,6000.0,23.247817212785076,1.5616496406695293,981.2134077217067,0.023692926564022918
370,33.0,7000.0,32.12772541879757,2.1375188014233877,1566.8831181410808,0.020504225903533423
371,33.0,8000.0,42.50659902127198,2.8056137376841592,2350.4254685651085,0.01808464024482405
372,33.0,9000.0,54.384002033416,3.5638763352300638,3358.874313918385,0.016191139337384995
373,33.0,10000.0,67.75949846843736,4.4102484798393204,4618.4014082562535,0.014671634723500781
374,34.0,0.0,0.0,0.0,0.0,
375,34.0,1000.0,0.5214515227782849,0.04517569489068426,4.7307877063129204,0.11022509466709796
376,34.0,2000.0,2.3036994481700765,0.1761083087146988,36.8840379262814,0.062457897174229816
377,34.0,3000.0,5.3995480780472604,0.3949589376600668,124.0800097022495,0.04351666389295398
378,34.0,4000.0,9.86180171428172,0.7038886779148114,294.8441999309605,0.03344750114328489
379,34.0,5000.0,15.742671934636483,1.1055073932661739,578.8423175290357,0.027196822792498763
380,34.0,6000.0,23.091999420439137,1.604220017898265,1007.9611645941752,0.022909612226713543
381,34.0,7000.0,31.944670841077585,2.2029914481542057,1614.8770748698917,0.01978148760558219
382,34.0,8000.0,42.27812771461642,2.8972313586162812,2427.1788671943696,0.01741862879825031
383,34.0,9000.0,54.055450271289374,3.6804606184265674,3468.7524122026352,0.01558354239441509
384,34.0,10000.0,67.23971874133022,4.546200096727141,4760.769608542398,0.014123707776297323
385,35.0,0.0,0.0,0.0,0.0,
386,35.0,1000.0,0.5332255766666671,0.04769518812500003,4.994628420836108,0.1067598090865395
387,35.0,2000.0,2.3045864,0.18174538,38.06466337545903,0.060543984778433854
388,35.0,3000.0,5.377191973333333,0.40580184937499997,127.48641088096518,0.042178550138603
389,35.0,4000.0,9.814151799999998,0.7235158699999998,303.0656189263503,0.03238292695412933
390,35.0,5000.0,15.677800105,1.1389215331250002,596.3379202467875,0.02629012774923306
391,35.0,6000.0,23.02737,1.6575842,1041.4908690853028,0.02211000661025858
392,35.0,7000.0,31.898808831666663,2.282730904375,1673.3291491716068,0.01906308083347403
393,35.0,8000.0,42.238022,3.0067041000000003,2518.8905365542164,0.016768502397003972
394,35.0,9000.0,53.96840441833332,3.8191250956249996,3599.4406030667747,0.014993553268347162
395,35.0,10000.0,67.013351,4.7096152,4931.897504518275,0.013587742028013933
396,36.0,0.0,0.0,0.0,0.0,
397,36.0,1000.0,0.5441974829758217,0.050032958916514346,5.23943920564938,0.10386559736947525
398,36.0,2000.0,2.3159454526485943,0.18905374213032924,39.595323160686775,0.058490378857370705
399,36.0,3000.0,5.390018792432233,0.4220938101124944,132.60468129751376,0.04064727383446674
400,36.0,4000.0,9.841192385740651,0.7541846233340593,315.91211628222214,0.031151677566393046
401,36.0,5000.0,15.741926432623996,1.1903893386036264,623.2864001781275,0.025256329077812625
402,36.0,6000.0,23.155422399677335,1.7358978980800055,1090.6968167980217,0.021229934884796974
403,36.0,7000.0,32.11593240299292,2.393145101684551,1754.2669830995362,0.01830732306564233
404,36.0,8000.0,42.551169890106834,3.1534183950385786,2641.801616946164,0.016106875556876444
405,36.0,9000.0,54.36221364141615,4.005218385188393,3774.829396479189,0.014401237229984534
406,36.0,10000.0,67.45014243731792,4.9370456791803035,5170.062145383357,0.01304629239274193
407,37.0,0.0,0.0,0.0,0.0,
408,37.0,1000.0,0.5527389747778724,0.0519761949069008,5.44293440270236,0.10155165098139769
409,37.0,2000.0,2.335072386846097,0.19738831317005082,41.34091163730087,0.0564833307821693
410,37.0,3000.0,5.426949722770364,0.44165271373695414,138.7492920914011,0.03911335071313633
411,37.0,4000.0,9.908320469116358,0.7901857555551152,330.9922352831,0.029935205158639754
412,37.0,5000.0,15.85610758012068,1.2482136899761556,653.5631597565497,0.02426101799560892
413,37.0,6000.0,23.33512788070353,1.820202337968164,1143.66685860155,0.020403780790882755
414,37.0,7000.0,32.37961060729642,2.5080066997827313,1838.4649320779959,0.017612307987130392
415,37.0,8000.0,42.91354077169233,3.3037989231889853,2767.784113607569,0.015504656075129434
416,37.0,9000.0,54.83334232952467,4.197330442835438,3955.890745170181,0.01386118724246156
417,37.0,10000.0,68.03543923642681,5.178352693370603,5422.7582597300025,0.012546279213968552
418,38.0,0.0,0.0,0.0,0.0,
419,38.0,1000.0,0.5577764499281912,0.053396273938935944,5.5916447311876425,0.09975176835129898
420,38.0,2000.0,2.3571501427190222,0.20574078266213142,43.09024875701109,0.05470263483534653
421,38.0,3000.0,5.468362125372838,0.4609344986702481,144.80684348085458,0.03776314705800372
422,38.0,4000.0,9.961653444889983,0.822878394463948,344.6864958460937,0.028900620027011357
423,38.0,5000.0,15.906927284695435,1.295692509785897,678.4230116757825,0.023446915878344844
424,38.0,6000.0,23.372735373912676,1.8843731533467782,1183.9865710352142,0.019740709857441047
425,38.0,7000.0,32.40006962495362,2.591988704042206,1900.0269565215688,0.017052426289924493
426,38.0,8000.0,42.92103413768536,3.4130195525394997,2859.2845740843773,0.015011109606475555
427,38.0,9000.0,54.84051105883872,4.3397990924489065,4090.164284067941,0.013407899353200595
428,38.0,10000.0,68.06338253514463,5.364660717380675,5617.8595662416255,0.012115536483707326
429,39.0,0.0,0.0,0.0,0.0,
430,39.0,1000.0,0.5630759345264592,0.05486647945558465,5.745604292866669,0.09800116851512625
431,39.0,2000.0,2.378964544394444,0.21374536911449052,44.76672542326148,0.0531413571553817
432,39.0,3000.0,5.500660371387181,0.4781998530040824,150.23091451453445,0.0366147033662303
433,39.0,4000.0,9.9811579572879,0.8497931151517247,355.9605076842458,0.028040071136603926
434,39.0,5000.0,15.876682620523507,1.3309929568981091,696.9062825618093,0.022781660917392272
435,39.0,6000.0,23.25638278609562,1.9278856488372342,1211.3262782696495,0.01919910696506709
436,39.0,7000.0,32.16843735455734,2.645624883728501,1939.3443297376887,0.016587274813085084
437,39.0,8000.0,42.56422402209289,3.4820155737396075,2917.0865456388265,0.014591347687550884
438,39.0,9000.0,54.37092018379426,4.433025435890331,4178.028042770926,0.013013536440443497
439,39.0,10000.0,67.51570323475352,5.494622187200447,5753.954899186802,0.011733790830424376
440,40.0,0.0,0.0,0.0,0.0,
441,40.0,1000.0,0.5772430829166665,0.05766200050000003,6.038350572069703,0.0955961526292785
442,40.0,2000.0,2.3989043,0.22167882000000003,46.42830349123028,0.05166900617967061
443,40.0,3000.0,5.516275842083334,0.49351421450000005,155.04206307153376,0.03557922110168399
444,40.0,4000.0,9.9806499,0.87463194,366.36497030653186,0.027242369519251103
445,40.0,5000.0,15.84338399875,1.3671514265000002,715.8388129728678,0.0221326138114147
446,40.0,6000.0,23.156097,1.9758148000000002,1241.4410521067973,0.01865259487005264
447,40.0,7000.0,31.956743412916676,2.705309772000001,1983.095637926639,0.01611457501178713
448,40.0,8000.0,42.22835900000002,3.5574837000000006,2980.3105752494503,0.014169113565107399
449,40.0,9000.0,53.94024983708334,4.533473853,4272.698445547864,0.012624398965784465
450,40.0,10000.0,67.061722,5.6344175000000005,5900.348208419256,0.011365722772820268
451,41.0,0.0,0.0,0.0,0.0,
452,41.0,1000.0,0.605035907733356,0.06244046293184187,6.538749987780674,0.09253082146649134
453,41.0,2000.0,2.4151827232054535,0.22975224477429573,48.11919762191277,0.05019166658143973
454,41.0,3000.0,5.510699111528225,0.5074174628322637,159.40989735370115,0.03456936616238451
455,41.0,4000.0,9.971843737813602,0.9009182344106483,377.3757475612773,0.026424177500156923
456,41.0,5000.0,15.864068025882707,1.4144285544214663,740.5930592663516,0.02142076249215462
457,41.0,6000.0,23.19359443439341,2.0468899282051938,1286.0988722312752,0.01803406793612566
458,41.0,7000.0,31.959042169018222,2.7977147632821677,2050.8320343389587,0.015583451805851826
459,41.0,8000.0,42.18784638865136,3.67343156546371,3077.446831873505,0.013708716573656615
460,41.0,9000.0,53.91464624049247,4.682347865133892,4413.008896396946,0.012217207693488163
461,41.0,10000.0,67.17408087174125,5.832771192676785,6108.063709661188,0.010997606453497089
462,42.0,0.0,0.0,0.0,0.0,
463,42.0,1000.0,0.6349801802960072,0.06726716933763262,7.044201500629574,0.0901422510754776
464,42.0,2000.0,2.4250327874141733,0.23780245665625013,49.805230055792045,0.048690323981992266
465,42.0,3000.0,5.490609349303257,0.5220333758182132,164.00162183991782,0.0334789942178904
466,42.0,4000.0,9.952161393912016,0.9303874406858825,389.7197798201304,0.025536711014527654
467,42.0,5000.0,15.895230292146179,1.4693959849202032,769.3739385732748,0.020659954146123347
468,42.0,6000.0,23.265716786739358,2.1300056213764575,1338.3220024442485,0.01738424440773442
469,42.0,7000.0,32.00863452782487,2.904382042478683,2129.0232338361343,0.015034422367552468
470,42.0,8000.0,42.20508942330691,3.805151979731588,3187.7966680846434,0.013239580129389314
471,42.0,9000.0,53.97021044553243,4.850057424410055,4571.07143220458,0.011806905940103229
472,42.0,10000.0,67.41912656684836,6.056840367788963,6342.708401137303,0.010629390837951738
473,43.0,0.0,0.0,0.0,0.0,
474,43.0,1000.0,0.6519021492403994,0.06966243212496188,7.295032833165928,0.08936246952537487
475,43.0,2000.0,2.425581775287513,0.2455856971531862,51.43534813354517,0.047157876116436626
476,43.0,3000.0,5.4655580234107815,0.5397777674011234,169.5761868638469,0.03223069302648661
477,43.0,4000.0,9.916350038879646,0.9642466151852243,403.90267766862996,0.024551335227876905
478,43.0,5000.0,15.871415603596107,1.5254037686166453,798.6995455407064,0.019871572097679636
479,43.0,6000.0,23.2199670459924,2.207274978985365,1386.8717716865976,0.016742692093122794
480,43.0,7000.0,31.86038682841326,2.9968072803504944,2196.7744717738215,0.014503257952868996
481,43.0,8000.0,41.931983402323105,3.9150186146688415,3279.838324936246,0.012784771457641342
482,43.0,9000.0,53.634296716466324,4.991444650871639,4704.325753793523,0.011401059264064812
483,43.0,10000.0,67.16686671958723,6.255621057890119,6550.871053036402,0.010253119955468308
484,44.0,0.0,0.0,0.0,0.0,
485,44.0,1000.0,0.6488744290388069,0.06951764840650043,7.279871117623331,0.08913268086134
486,44.0,2000.0,2.417163038952133,0.25315726176816783,53.021132918252285,0.04558867202401923
487,44.0,3000.0,5.446825041326609,0.5606758680980843,176.14151882620217,0.030923004852143693
488,44.0,4000.0,9.879819647748866,1.001830495409332,419.6457766026907,0.02354323622111134
489,44.0,5000.0,15.800411574032568,1.5804170040143508,827.5044082366459,0.01909405124221893
490,44.0,6000.0,23.062087552899506,2.276386583423009,1430.2958734424187,0.016123997825284887
491,44.0,7000.0,31.53950281261168,3.074909277125792,2254.026225610481,0.01399251812346128
492,44.0,8000.0,41.422764546683744,4.005875215338215,3355.954172721058,0.012343066208528571
493,44.0,9000.0,52.980842939943564,5.1103545499570595,4816.395693415281,0.011000101800683889
494,44.0,10000.0,66.48270817721897,6.429417432879096,6732.870191331705,0.009874348723195753
495,45.0,0.0,0.0,0.0,0.0,
496,45.0,1000.0,0.6272159999999992,0.06909530000000007,7.235642895919435,0.08668421162046565
497,45.0,2000.0,2.4033160000000002,0.26087150000000003,54.636799195396655,0.04398713020147945
498,45.0,3000.0,5.4474187500000015,0.582362325,182.95452019474715,0.02977471529099943
499,45.0,4000.0,9.878643,1.0406014999999997,435.88613702860243,0.022663356690675786
500,45.0,5000.0,15.763248625000003,1.6370158375000001,857.1394881500238,0.01839052901298719
501,45.0,6000.0,22.956060000000004,2.3506045,1476.928365739022,0.01554310996560304
502,45.0,7000.0,31.34152362500001,3.1670299625,2321.5542149073767,0.013500233345293832
503,45.0,8000.0,41.13401,4.1210356,3452.4307109712017,0.011914507036820041
504,45.0,9000.0,52.63037062500001,5.2596350125,4957.089214750098,0.010617192538797846
505,45.0,10000.0,66.12745700000002,6.629841800000001,6942.754097780844,0.009524672207695898
506,46.0,0.0,0.0,0.0,0.0,
507,46.0,1000.0,0.5931428036311638,0.07023886692693838,7.355396944471357,0.08064048862475005
508,46.0,2000.0,2.387720491427745,0.26895920502981024,56.33068417580019,0.04238756419105444
509,46.0,3000.0,5.47161631982289,0.6028093559215307,189.3781444078276,0.028892543735351602
510,46.0,4000.0,9.932713545249747,1.078437661215015,451.7349111770199,0.021987925439212838
511,46.0,5000.0,15.82008424475387,1.6972727250398987,888.6899206872791,0.01780157946713204
512,46.0,6000.0,23.027555777830408,2.4398642015926963,1533.0118902960683,0.01502112013846359
513,46.0,7000.0,31.479561712322045,3.2930064060014392,2413.8997711075913,0.013040956417953508
514,46.0,8000.0,41.378205167011885,4.289351247053342,3593.4384977090663,0.011514933452566904
515,46.0,9000.0,52.99500664841821,5.473015031950417,5158.1951452085805,0.010273943725771017
516,46.0,10000.0,66.60148666305925,6.888114067894671,7213.216184262134,0.009233258086506685
517,47.0,0.0,0.0,0.0,0.0,
518,47.0,1000.0,0.5710244756528957,0.07270345946628971,7.613488471661968,0.07500168651706716
519,47.0,2000.0,2.3740604145523228,0.2771049353774511,58.036721950351655,0.04090617689578069
520,47.0,3000.0,5.488469616788546,0.6217552152116965,195.33016164402068,0.02809842356446212
521,47.0,4000.0,9.993613882451829,1.1152050864472383,467.13601424381517,0.02139337061953823
522,47.0,5000.0,15.934846308785795,1.7604267438956867,921.7572876342816,0.01728746441450229
523,47.0,6000.0,23.22148518164746,2.5380780117022397,1594.7214471603088,0.014561467912153268
524,47.0,7000.0,31.78999952949834,3.433713083539145,2517.043152815738,0.01262989849575517
525,47.0,8000.0,41.82149616260437,4.474786001853235,3748.7879546156173,0.011156004732439592
526,47.0,9000.0,53.55824133668268,5.699225771284992,5371.393744265565,0.009971013834884253
527,47.0,10000.0,67.24250130745033,7.144961396474898,7482.186077782736,0.008987012700354667
528,48.0,0.0,0.0,0.0,0.0,
529,48.0,1000.0,0.5881720154307354,0.07573459025053099,7.930907745123377,0.07416200444298392
530,48.0,2000.0,2.3658264209061564,0.2848827570024753,59.6657051022255,0.039651361143772226
531,48.0,3000.0,5.460259163184759,0.63941868730548,200.8793050606925,0.027181790386695274
532,48.0,4000.0,9.998766189025037,1.1513165682091926,482.26235635229483,0.020733043036269855
533,48.0,5000.0,16.048860965130036,1.8251007438671354,955.6205148323766,0.01679417793573125
534,48.0,6000.0,23.43892703798093,2.6354961868483326,1655.931091833327,0.014154530435219406
535,48.0,7000.0,32.02141356140531,3.5612458329447088,2610.529540828151,0.012266252137965465
536,48.0,8000.0,41.984162038838136,4.626963842424263,3876.276164209511,0.010831055440911798
537,48.0,9000.0,53.598862061116264,5.8687321816740186,5531.149772349929,0.009690365343035105
538,48.0,10000.0,67.13720321907653,7.322632817081002,7668.243154359069,0.008755226179925175
539,49.0,0.0,0.0,0.0,0.0,
540,49.0,1000.0,0.6351640444368432,0.07886515206208757,8.25873941141654,0.07690811064444274
541,49.0,2000.0,2.3620410241354115,0.29246625627985867,61.253989476780916,0.03856142341603354
542,49.0,3000.0,5.396070076365316,0.6569160385424313,206.37626007102114,0.026146757744850806
543,49.0,4000.0,9.952690338396163,1.1883272247389238,497.76534390674004,0.01999474342725811
544,49.0,5000.0,16.13693490369235,1.8920362706827967,990.6678747170839,0.01628894538273057
545,49.0,6000.0,23.612212690497344,2.730274551884882,1715.4820948969418,0.013764184867179192
546,49.0,7000.0,32.06904043488599,3.669826729579233,2690.1234951718343,0.011921029087490851
547,49.0,8000.0,41.74799031947943,4.738795688195398,3969.964192239373,0.010515961428843585
548,49.0,9000.0,53.0271483885354,5.980613867961805,5636.595777463813,0.00940765498930189
549,49.0,10000.0,66.28460068631165,7.43871370910688,7789.8027802292845,0.008509150046076087
550,50.0,0.0,0.0,0.0,0.0,
551,50.0,1000.0,0.6658468062499996,0.08191541783333332,8.578162496031275,0.07762114631869664
552,50.0,2000.0,2.3572586000000006,0.30062854,62.963494181561686,0.03743849719017506
553,50.0,3000.0,5.351792068750002,0.676261017166667,212.4536643439962,0.025190396622600027
554,50.0,4000.0,9.927003900000003,1.2289345000000003,514.7748795924061,0.019284165357602745
555,50.0,5000.0,16.207355356250005,1.9640935660000005,1028.3969863180969,0.01575982385389532
556,50.0,6000.0,23.704926000000007,2.8284745000000004,1777.1829420132128,0.013338483866577518
557,50.0,7000.0,31.974776918750006,3.775804086333334,2767.8089551044623,0.011552378591658693
558,50.0,8000.0,41.356277000000006,4.8464794,4060.177087683805,0.010185830841085894
559,50.0,9000.0,52.38487208125001,6.102565088666667,5751.532095182624,0.009107985700910301
560,50.0,10000.0,65.59600800000001,7.606125800000001,7965.116311853265,0.008235411189461665
561,51.0,0.0,0.0,0.0,0.0,
562,51.0,1000.0,0.6471340105629428,0.08471998973329385,8.871856578610622,0.07294234355897211
563,51.0,2000.0,2.3476651479829664,0.3098810797230468,64.90134156962645,0.03617282926986002
564,51.0,3000.0,5.3648243273322125,0.698419901821167,219.41508326822824,0.02445057216405619
565,51.0,4000.0,9.96184246368282,1.2732730878795617,533.347383852803,0.018677962553636823
566,51.0,5000.0,16.24097257555137,2.0393458239011073,1067.7989764161239,0.015209766008637026
567,51.0,6000.0,23.660556095232167,2.929417512492543,1840.6073073087719,0.012854755058984986
568,51.0,7000.0,31.752202122530136,3.887516869169975,2849.698701941183,0.01114230150047122
569,51.0,8000.0,40.984502013514884,4.974795644483078,4167.675053284944,0.009833900553549893
570,51.0,9000.0,52.06029268832223,6.281686347739922,5920.349904664512,0.008793448618181349
571,51.0,10000.0,65.68241106708797,7.898621488248578,8271.417080322737,0.007940889744677843
572,52.0,0.0,0.0,0.0,0.0,
573,52.0,1000.0,0.6045974711578688,0.08712080772108868,9.12326965037937,0.06626982368461815
574,52.0,2000.0,2.336750229918346,0.3195845416680651,66.93362988701696,0.03491145234260786
575,52.0,3000.0,5.39046400782305,0.7200130089348726,226.1987579358878,0.02383065255093437
576,52.0,4000.0,9.9597445364136,1.3110280166154538,549.1621314199342,0.018136255154122354
577,52.0,5000.0,16.10306619529491,2.096349579311401,1097.6460729534585,0.01467054508013322
578,52.0,6000.0,23.336777956325065,3.0040905416548993,1887.5257552763228,0.012363687166169923
579,52.0,7000.0,31.276118407005054,3.9774186150320103,2915.600123621699,0.010727163218855437
580,52.0,8000.0,40.47401000515425,5.095328147813702,4268.652127146884,0.00948168386637929
581,52.0,9000.0,51.71779617617165,6.470770147617166,6098.557187646669,0.008480333066472183
582,52.0,10000.0,65.79482034545624,8.2166956220596,8604.503534348618,0.007646556257755907
583,53.0,0.0,0.0,0.0,0.0,
584,53.0,1000.0,0.5771181114932309,0.08895811586780428,9.315672109582785,0.061951312230017715
585,53.0,2000.0,2.329498863798673,0.32883877376146803,68.87183172430026,0.03382368096617283
586,53.0,3000.0,5.3658101150725015,0.7367763965502655,231.46513147406748,0.023181937084435836
587,53.0,4000.0,9.794719723470891,1.3299054071034697,557.0694742567471,0.01758258202271664
588,53.0,5000.0,15.639389479334334,2.110101393329243,1104.846505935456,0.014155259934584951
589,53.0,6000.0,22.580956901740567,3.018204603291295,1896.3938817461656,0.011907313727962688
590,53.0,7000.0,30.39714590272431,4.010742303046751,2940.0276627618123,0.010339067991683366
591,53.0,8000.0,39.594050237410855,5.1680251704708375,4329.554642431552,0.009145063062461815
592,53.0,9000.0,50.85985612169816,6.601309736393302,6221.587851577192,0.008174738882583651
593,53.0,10000.0,64.88274977148417,8.421852531643902,8819.34334767636,0.007356868557405567
594,54.0,0.0,0.0,0.0,0.0,
595,54.0,1000.0,0.5724022790670005,0.08999096052672508,9.423831349341619,0.06073986872727624
596,54.0,2000.0,2.3232960757436203,0.33736193390985264,70.65691821146923,0.032881367239796996
597,54.0,3000.0,5.281490863997782,0.7490974625519524,235.3359085175969,0.022442350159252753
598,54.0,4000.0,9.475796117797403,1.3321820888555937,558.0231284790185,0.016981009628803747
599,54.0,5000.0,14.911120244630215,2.0859392191867907,1092.1952211386752,0.01365243132000205
600,54.0,6000.0,21.496767386063173,2.9790477157653354,1871.7908837083664,0.011484598826271699
601,54.0,7000.0,29.20767975030199,3.9929892994494565,2927.014031436382,0.009978660654376439
602,54.0,8000.0,38.3769560780281,5.191101669797349,4348.887165299483,0.008824546284908107
603,54.0,9000.0,49.42723424304191,6.657186521042194,6274.250480424945,0.00787779104408568
604,54.0,10000.0,62.78115211914383,8.47504554741718,8875.046943534899,0.007073895216394014
605,55.0,0.0,0.0,0.0,0.0,
606,55.0,1000.0,0.566981745416667,0.0898971903333334,9.414011757652117,0.060227431196460915
607,55.0,2000.0,2.3079269000000004,0.34549049,72.35935901794252,0.031895347489572394
608,55.0,3000.0,5.181663679583334,0.7620149446666667,239.3940552090433,0.0216449137596947
609,55.0,4000.0,9.147020299999998,1.3347056000000002,559.0801743553544,0.01636083824747844
610,55.0,5000.0,14.19486086125,2.05954240225,1078.373880110879,0.013163209090144574
611,55.0,6000.0,20.444193000000002,2.935484900000001,1844.4195593127542,0.011084350573476717
612,55.0,7000.0,28.04189010041667,3.969929357583334,2910.110211179325,0.00963602340306303
613,55.0,8000.0,37.118145,5.201039300000001,4357.212494909813,0.008518782373676334
614,55.0,9000.0,47.798980399583336,6.674670067416665,6290.728334679565,0.007598322142775874
615,55.0,10000.0,60.210419,8.436677000000001,8834.86749463666,0.006815090213469716
616,56.0,0.0,0.0,0.0,0.0,
617,56.0,1000.0,0.5449920601200346,0.08878733121117642,9.29778758216252,0.058615241024174695
618,56.0,2000.0,2.2771740307337764,0.3536090257328441,74.0597011656898,0.030747815544639817
619,56.0,3000.0,5.101649175558057,0.7793889130628007,244.85224835674288,0.02083562315558196
620,56.0,4000.0,8.923520758309703,1.3510508226988436,565.926845228951,0.01576797572608454
621,56.0,5000.0,13.714955721575226,2.0605762984415863,1078.9152268908895,0.0127118010569724
622,56.0,6000.0,19.71637572341982,2.9281777413029033,1839.8283360964708,0.010716421383775229
623,56.0,7000.0,27.17016596972968,3.978626621956195,2916.4856389466836,0.009316063692171117
624,56.0,8000.0,36.05831114219639,5.2266998325097225,4378.7098123550795,0.008234916833367979
625,56.0,9000.0,46.29769579146284,6.684675620430455,6300.1583462325325,0.007348655898331296
626,56.0,10000.0,57.805204468171965,8.36483223318537,8759.631830762086,0.006599044980996984
627,57.0,0.0,0.0,0.0,0.0,
628,57.0,1000.0,0.5264055503005931,0.08851673957828647,9.269451292628855,0.056789289212749325
629,57.0,2000.0,2.242132539504521,0.3621870558954607,75.85627960176633,0.02955763914702076
630,57.0,3000.0,5.032111292790834,0.7995558390071827,251.18787499597883,0.02003325715013669
631,57.0,4000.0,8.781272135338579,1.3791679789691125,577.7045321060862,0.015200282579271923
632,57.0,5000.0,13.449252167572913,2.0893735420619253,1093.993428391105,0.01229372299553227
633,57.0,6000.0,19.294515590903405,2.9577432994663537,1858.4049241615862,0.010382299002790292
634,57.0,7000.0,26.565724010995673,4.014319603976337,2942.649961303161,0.009027823343022072
635,57.0,8000.0,35.1735015495551,5.259810429938587,4406.44848159201,0.007982279084049845
636,57.0,9000.0,44.94396295729705,6.687590157088004,6302.905232318125,0.007130674078177003
637,57.0,10000.0,55.70322298493686,8.29103316515949,8682.349627444793,0.006415685312747566
638,58.0,0.0,0.0,0.0,0.0,
639,58.0,1000.0,0.5386169320078186,0.09125700546872985,9.556411265638841,0.05636184097104283
640,58.0,2000.0,2.2175895962752663,0.37168937525807744,77.84644071521039,0.02848671790131019
641,58.0,3000.0,4.953551809296946,0.8195747318282317,257.4769956579397,0.019238813147710407
642,58.0,4000.0,8.663137387567456,1.4131906976393815,591.9559351767089,0.014634767341223402
643,58.0,5000.0,13.314469338650605,2.138812845102264,1119.8797869294592,0.011889195156523777
644,58.0,6000.0,19.081627434387,3.0147085464298047,1894.1972444356475,0.010073727797060613
645,58.0,7000.0,26.129212550368333,4.062356292189813,2977.8626928884837,0.008774485342379361
646,58.0,8000.0,34.37795321291383,5.284087246567453,4426.786579931688,0.007765893519412525
647,58.0,9000.0,43.687609861024605,6.677445742152221,6293.344346486959,0.006941875012037391
648,58.0,10000.0,53.91794293370175,8.239976111533618,8628.882805916468,0.006248542731016401
649,59.0,0.0,0.0,0.0,0.0,
650,59.0,1000.0,0.5736743957011519,0.09642031674206318,10.097111957788886,0.0568156912688901
651,59.0,2000.0,2.203704464275266,0.38198386445807747,80.00251349142236,0.02754544036308985
652,59.0,3000.0,4.869518626403611,0.8388836699548985,263.5430774746754,0.018477125914534927
653,59.0,4000.0,8.550545302767455,1.4493127600393816,607.0867092924891,0.014084553609701702
654,59.0,5000.0,13.238735755230604,2.1989958557722638,1151.3915376280906,0.011498031141085933
655,59.0,6000.0,18.976132610386994,3.087784455229804,1940.112192083743,0.009780946013233397
656,59.0,7000.0,25.800949494641664,4.121100039633147,3020.924108818023,0.008540747322757681
657,59.0,8000.0,33.68599266891382,5.312517245767453,4450.604040365897,0.007568858600628151
658,59.0,9000.0,42.587716552751274,6.677648999308887,6293.535911844009,0.006766898155392118
659,59.0,10000.0,52.46257556570175,8.232108225933615,8620.64357538305,0.0060856912951966725
660,60.0,0.0,0.0,0.0,0.0,
661,60.0,1000.0,0.5882796062499999,0.10065945908333337,10.541033905684083,0.05580852993298689
662,60.0,2000.0,2.1860085,0.39234148999999996,82.17180951216487,0.026602900836403987
663,60.0,3000.0,4.80660576875,0.8592998009166667,269.9569941790972,0.017805079595608328
664,60.0,4000.0,8.463490499999999,1.4857880999999997,622.3654639668182,0.013598907699755067
665,60.0,5000.0,13.16158931875,2.2572471585,1181.8918484133392,0.011136035278032513
666,60.0,6000.0,18.871858999999997,3.1638659999999996,1987.9156365085043,0.009493289681621388
667,60.0,7000.0,25.560922331250005,4.201929563833334,3080.175244682798,0.0082985285903375
668,60.0,8000.0,33.21203599999999,5.3873581999999995,4513.302651567128,0.007358699064523839
669,60.0,9000.0,41.81261516874999,6.740981111166667,6353.225021048628,0.006581321302208281
670,60.0,10000.0,51.350075,8.283627499999998,8674.594433024793,0.005919593751208314
671,61.0,0.0,0.0,0.0,0.0,
672,61.0,1000.0,0.5509161627975393,0.1014596355305081,10.624828187284741,0.051851771443875955
673,61.0,2000.0,2.1531022094898935,0.402104108616769,84.21648757391425,0.02556627890233704
674,61.0,3000.0,4.782227761200557,0.8820826216707075,277.11442840999194,0.01725723120459549
675,61.0,4000.0,8.413962439053016,1.5215443771042472,637.343018296208,0.013201623297837067
676,61.0,5000.0,13.03618308604176,2.3049387925530946,1206.8631296098217,0.010801707970195718
677,61.0,6000.0,18.6855954326452,3.233916146548079,2031.9294416641715,0.009195986361288955
678,61.0,7000.0,25.380170624105336,4.312543204326076,3161.259278099857,0.008028500161290355
679,61.0,8000.0,33.01411257723446,5.53735181705302,4638.9610103455625,0.007116704042911365
680,61.0,9000.0,41.450683401737486,6.902990107377112,6505.914902741685,0.0063712304912364555
681,61.0,10000.0,50.5531452073193,8.404106197946554,8800.75943048578,0.005744179875227982
682,62.0,0.0,0.0,0.0,0.0,
683,62.0,1000.0,0.4833426234237698,0.10011561456358736,10.484082640753112,0.04610251940832178
684,62.0,2000.0,2.1084066807449475,0.41100094910838453,86.07983748915555,0.024493618276295738
685,62.0,3000.0,4.7730731080752795,0.9058472757370204,284.5803146729751,0.01677232353038982
686,62.0,4000.0,8.375222841526512,1.5578458665521238,652.5489506380503,0.01283462770622399
687,62.0,5000.0,12.868146495345883,2.3501155841715478,1230.517642386703,0.010457506704566152
688,62.0,6000.0,18.426773396322606,3.3054856532740398,2076.8978889744362,0.008872257752364355
689,62.0,7000.0,25.187043185527678,4.443654247031371,3257.368692098929,0.007732328012675185
690,62.0,8000.0,32.90729804861723,5.73208497052651,4802.100275508947,0.006852688648849503
691,62.0,9000.0,41.25148080739376,7.125182786820224,6715.326569567658,0.006142885290841424
692,62.0,10000.0,49.88353428365966,8.577352658973277,8982.182700226442,0.005553609400797657
693,63.0,0.0,0.0,0.0,0.0,
694,63.0,1000.0,0.4206362859428973,0.09887455602307926,10.354119294301942,0.04062501831270005
695,63.0,2000.0,2.059048147255054,0.41885808329161556,87.72543182437607,0.023471507685219634
696,63.0,3000.0,4.745648808558058,0.9285478182763132,291.71190044036956,0.016268272913768707
697,63.0,4000.0,8.310851494473495,1.5965409974478766,668.7575291649559,0.012427301573487837
698,63.0,5000.0,12.676228080254127,2.4049905563384537,1259.250110624286,0.010066489550649918
699,63.0,6000.0,18.12798504367741,3.390272226725962,2130.1708642303583,0.0085101084368775
700,63.0,7000.0,24.89921613993901,4.581729714465297,3358.583296062922,0.007413606852962962
701,63.0,8000.0,32.645929631382764,5.926355825473491,4964.852246364425,0.006575408091003746
702,63.0,9000.0,40.8798624071396,7.350555640683113,6927.735480171925,0.005900898284027018
703,63.0,10000.0,49.11275135634036,8.780734241026725,9195.163394911302,0.005341150477382475
704,64.0,0.0,0.0,0.0,0.0,
705,64.0,1000.0,0.39787444816912765,0.09998361974949188,10.470260176143968,0.03800043566020138
706,64.0,2000.0,2.012152842510107,0.42550158298323093,89.11684314606308,0.022578816433299547
707,64.0,3000.0,4.666461861832779,0.9481383044492926,297.866433184498,0.015666289792856183
708,64.0,4000.0,8.184428184946984,1.6394781988957523,686.7430220495361,0.011917744952866264
709,64.0,5000.0,12.479176374358243,2.481776732036906,1299.4552582028714,0.00960339057122811
710,64.0,6000.0,17.821822527354804,3.499973573451922,2199.098253222995,0.008104150190304216
711,64.0,7000.0,24.43436561176134,4.713236629143926,3454.982899374738,0.007072210289719039
712,64.0,8000.0,31.984344542765527,6.074962546946982,5089.348722219141,0.006284565332127446
713,64.0,9000.0,40.00068322239585,7.52210516015289,7089.417093199858,0.0056423091908027745
714,64.0,10000.0,48.0123055526807,8.991618302053446,9416.000667204878,0.0050990125478541475
715,65.0,0.0,0.0,0.0,0.0,
716,65.0,1000.0,0.45013440791666676,0.10568996558333335,11.067827314491938,0.04067053045969302
717,65.0,2000.0,1.974847,0.43075752,90.21764402070389,0.021889809043858382
718,65.0,3000.0,4.502019267083334,0.9625727894166667,302.4011603776835,0.014887572724458278
719,65.0,4000.0,7.9595327,1.6885058999999996,707.2796974644027,0.011253727101929999
720,65.0,5000.0,12.295739911250001,2.5926871342499993,1357.5278090027618,0.009057449747775285
721,65.0,6000.0,17.540878,3.6462873999999994,2291.0299417434053,0.007656328571005892
722,65.0,7000.0,23.71016772541667,4.824642013583334,3536.647311417283,0.006704136895096562
723,65.0,8000.0,30.676880000000004,6.132703300000001,5137.721502380236,0.00597091142168524
724,65.0,9000.0,38.27879827458333,7.5828278364166675,7146.646867296837,0.005356189970676694
725,65.0,10000.0,46.353706,9.1873722,9620.9936697717,0.004817974898542881
